216208,0.28,0.53,0.87,-20.13,7.73,-9.43,36.75,-5.67,291.52
216218,0.28,0.53,0.86,-17.37,0.11,-9.48,36.66,-5.96,291.27
216228,0.27,0.53,0.86,-15.94,-3.16,-9.28,36.52,-6.13,291.11
216238,0.27,0.53,0.86,-15.29,-3.19,-8.98,36.34,-6.20,291.03
216248,0.26,0.53,0.86,-13.58,-4.45,-8.75,36.23,-6.33,290.92
216258,0.25,0.53,0.85,-11.70,-7.18,-8.43,36.16,-6.54,290.76
216268,0.25,0.53,0.84,-10.25,-8.71,-8.32,36.08,-6.71,290.61
216278,0.24,0.52,0.83,-8.55,-9.60,-8.17,36.01,-6.86,290.48
216288,0.23,0.52,0.82,-7.44,-10.49,-8.10,35.95,-7.03,290.34
216298,0.23,0.52,0.83,-6.37,-11.48,-8.00,35.87,-7.19,290.19
216308,0.23,0.52,0.83,-5.68,-11.93,-7.89,35.80,-7.35,290.06
216318,0.22,0.53,0.84,-5.61,-11.45,-8.12,35.69,-7.46,289.94
216328,0.22,0.53,0.83,-5.83,-10.98,-8.35,35.58,-7.57,289.82
216338,0.21,0.53,0.83,-6.48,-10.26,-8.50,35.42,-7.65,289.71
216348,0.21,0.54,0.84,-7.06,-9.76,-8.41,35.29,-7.76,289.61
216358,0.20,0.55,0.84,-5.82,-9.34,-7.74,35.26,-7.91,289.52
216368,0.20,0.55,0.85,-3.57,-8.90,-6.67,35.29,-8.06,289.47
216378,0.20,0.56,0.85,-1.83,-8.09,-5.84,35.27,-8.16,289.43
216388,0.19,0.56,0.84,-0.60,-7.01,-4.90,35.23,-8.23,289.42
216398,0.18,0.56,0.84,0.05,-6.14,-4.06,35.16,-8.26,289.41
216408,0.18,0.55,0.85,0.11,-5.65,-3.31,35.06,-8.31,289.40
216418,0.18,0.56,0.85,-0.18,-6.08,-2.96,35.00,-8.46,289.35
216428,0.18,0.56,0.85,0.34,-7.16,-3.14,34.98,-8.63,289.26
216438,0.18,0.56,0.85,1.94,-8.69,-3.54,35.00,-8.79,289.14
216448,0.17,0.56,0.84,3.07,-10.02,-4.10,35.00,-8.87,289.02
216458,0.17,0.56,0.84,3.48,-10.47,-4.78,34.97,-8.94,288.90
216468,0.17,0.56,0.84,3.43,-10.05,-5.39,34.99,-8.86,288.79
216478,0.16,0.57,0.84,3.38,-7.93,-5.98,35.06,-8.70,288.72
216488,0.16,0.56,0.83,2.94,-5.44,-6.69,35.01,-8.53,288.68
216498,0.16,0.57,0.83,2.20,-2.53,-7.70,34.96,-8.49,288.64
216508,0.16,0.57,0.83,2.02,-0.39,-8.46,34.96,-8.47,288.60
216518,0.16,0.58,0.83,2.19,0.46,-9.30,35.06,-8.46,288.51
216528,0.16,0.58,0.83,2.50,0.26,-10.27,35.19,-8.45,288.37
216538,0.17,0.59,0.83,2.73,-0.70,-11.63,35.30,-8.49,288.20
216548,0.18,0.59,0.82,2.88,-2.63,-12.98,35.44,-8.53,287.98
216558,0.18,0.60,0.81,2.17,-4.85,-14.13,35.56,-8.58,287.73
216568,0.17,0.61,0.81,1.86,-5.82,-14.26,35.69,-8.57,287.53
216578,0.17,0.61,0.80,2.05,-5.98,-14.18,35.84,-8.56,287.37
216588,0.17,0.61,0.79,1.81,-5.97,-14.21,35.97,-8.55,287.20
216598,0.17,0.61,0.78,1.86,-6.77,-14.25,36.11,-8.58,287.01
216608,0.16,0.60,0.78,2.15,-8.17,-14.15,36.27,-8.58,286.80
216618,0.16,0.60,0.78,2.61,-9.17,-14.42,36.45,-8.60,286.58
216628,0.16,0.60,0.79,3.65,-8.89,-14.66,36.48,-8.50,286.42
216638,0.15,0.60,0.79,6.07,-6.67,-14.84,36.62,-8.28,286.31
216648,0.15,0.59,0.80,8.92,-2.50,-14.62,36.73,-8.06,286.30
216658,0.14,0.58,0.80,11.38,1.81,-14.78,36.88,-7.74,286.30
216668,0.15,0.60,0.77,17.53,5.64,-12.17,37.37,-7.61,286.40
216678,0.15,0.60,0.77,22.04,6.94,-10.60,37.83,-7.57,286.43
216688,0.16,0.60,0.75,21.59,7.64,-11.18,38.11,-7.47,286.38
216698,0.20,0.58,0.66,18.03,5.83,-11.59,38.23,-7.49,286.25
216708,0.18,0.58,0.66,5.30,-5.81,-14.18,37.94,-7.76,285.72
216718,0.15,0.58,0.70,-5.38,-12.68,-18.08,37.46,-7.79,285.21
216728,0.12,0.59,0.73,-9.23,-14.24,-19.76,37.25,-7.68,284.88
216738,0.11,0.59,0.74,-10.21,-13.20,-19.05,37.09,-7.56,284.70
216748,0.10,0.58,0.74,-8.13,-11.20,-17.54,37.15,-7.41,284.58
216758,0.10,0.57,0.73,-6.87,-11.48,-15.59,37.17,-7.35,284.44
216768,0.15,0.49,0.73,-5.29,-15.60,-13.73,37.14,-7.64,284.20
216778,0.10,0.56,0.70,-1.46,-22.63,-11.74,37.41,-7.95,283.85
216788,0.12,0.55,0.71,-1.58,-30.20,-8.89,37.38,-8.55,283.51
216798,0.13,0.57,0.71,0.79,-34.34,-8.42,37.64,-8.92,283.13
216808,0.16,0.61,0.68,0.26,-38.99,-9.18,37.78,-9.35,282.66
216818,0.16,0.61,0.66,-2.73,-39.37,-10.49,37.79,-9.57,282.26
216828,0.16,0.59,0.66,-8.39,-36.21,-9.15,37.59,-9.81,282.07
216838,0.17,0.58,0.65,-13.13,-34.35,-8.36,37.37,-10.07,281.85
216848,0.18,0.58,0.64,-15.63,-34.89,-8.59,37.25,-10.36,281.53
216858,0.16,0.56,0.64,-17.27,-34.60,-10.51,37.07,-10.41,281.18
216868,0.15,0.53,0.63,-18.93,-33.91,-11.39,36.84,-10.46,280.88
216878,0.16,0.51,0.62,-22.30,-33.19,-13.09,36.49,-10.68,280.54
216888,0.16,0.49,0.61,-25.97,-31.17,-15.77,36.11,-10.82,280.19
216898,0.17,0.47,0.59,-33.48,-27.11,-18.77,35.58,-10.83,279.86
216908,0.18,0.45,0.59,-43.09,-22.67,-21.17,34.78,-10.80,279.59
216918,0.17,0.44,0.61,-54.63,-20.84,-22.85,33.74,-10.70,279.28
216928,0.14,0.43,0.62,-66.09,-19.25,-24.09,32.63,-10.55,278.97
216938,0.08,0.45,0.64,-73.50,-15.62,-31.98,31.73,-10.11,278.41
216948,0.07,0.43,0.58,-78.00,-9.81,-31.80,30.90,-9.77,278.19
216958,0.03,0.39,0.58,-85.78,-2.52,-33.26,29.72,-9.25,277.99
216968,-0.02,0.39,0.54,-92.99,8.81,-35.68,28.58,-8.45,277.85
216978,-0.05,0.38,0.55,-109.24,13.02,-32.27,26.84,-7.99,277.82
216988,-0.08,0.39,0.61,-130.98,8.58,-26.17,24.68,-7.95,277.76
216998,-0.07,0.40,0.71,-142.65,4.90,-20.48,22.74,-7.94,277.75
217008,-0.06,0.39,0.77,-144.08,0.27,-16.68,21.21,-8.01,277.67
217018,-0.06,0.35,0.77,-145.76,-13.07,-11.59,19.67,-8.56,277.52
217028,-0.07,0.33,0.75,-150.11,-26.99,-5.98,18.01,-9.28,277.41
217038,-0.09,0.31,0.72,-153.04,-37.18,-1.03,16.38,-9.97,277.35
217048,-0.09,0.29,0.69,-154.21,-43.26,3.47,14.80,-10.56,277.37
217058,-0.09,0.25,0.65,-153.41,-45.51,7.97,13.26,-11.04,277.50
217068,-0.09,0.22,0.62,-152.14,-44.83,12.29,11.73,-11.41,277.70
217078,-0.08,0.19,0.61,-151.49,-41.81,16.37,10.17,-11.65,277.97
217088,-0.06,0.18,0.61,-150.90,-39.35,20.38,8.61,-11.89,278.29
217098,-0.04,0.17,0.61,-150.20,-38.63,24.03,7.11,-12.19,278.62
217108,-0.03,0.16,0.61,-148.66,-38.65,27.34,5.67,-12.52,278.98
217118,0.00,0.12,0.59,-149.60,-41.44,31.44,3.92,-13.12,279.45
217128,0.02,0.10,0.58,-152.89,-44.62,35.20,2.10,-13.62,279.94
217138,0.03,0.09,0.57,-156.33,-45.11,39.06,0.35,-14.01,280.47
217148,0.05,0.09,0.58,-159.32,-44.07,41.71,-1.38,-14.39,280.98
217158,0.09,0.09,0.62,-159.38,-43.27,43.27,-2.99,-14.79,281.48
217168,0.12,0.09,0.65,-156.25,-42.92,43.78,-4.45,-15.20,281.96
217178,0.15,0.09,0.69,-151.83,-41.89,43.57,-5.80,-15.58,282.40
217188,0.18,0.09,0.75,-148.99,-40.80,43.15,-7.19,-15.92,282.84
217198,0.20,0.09,0.82,-147.89,-40.60,42.59,-8.64,-16.24,283.28
217208,0.21,0.06,0.92,-148.68,-41.21,43.86,-10.23,-16.53,283.83
217218,0.23,0.02,1.03,-149.66,-40.03,45.88,-11.87,-16.69,284.44
217228,0.27,-0.05,1.20,-147.18,-35.47,48.03,-13.39,-16.63,285.04
217238,0.32,-0.13,1.38,-139.75,-30.72,48.93,-14.61,-16.51,285.59
217248,0.37,-0.21,1.55,-125.77,-27.97,47.12,-15.36,-16.49,286.02
217258,0.42,-0.27,1.70,-109.16,-27.99,44.37,-15.82,-16.61,286.41
217268,0.44,-0.32,1.80,-86.89,-29.50,40.42,-15.85,-16.79,286.74
217278,0.45,-0.36,1.86,-64.16,-29.19,36.59,-15.62,-16.90,287.02
217288,0.47,-0.41,1.90,-40.83,-26.33,32.56,-15.17,-16.89,287.23
217298,0.49,-0.46,1.93,-19.53,-22.54,28.22,-14.66,-16.87,287.39
217308,0.51,-0.51,1.95,-1.21,-17.97,22.00,-14.04,-16.84,287.40
217318,0.52,-0.54,1.97,14.13,-14.40,14.64,-13.34,-16.82,287.28
217328,0.51,-0.56,1.99,26.82,-11.13,6.58,-12.57,-16.77,287.03
217338,0.50,-0.55,1.99,37.42,-9.05,-0.25,-11.74,-16.73,286.77
217348,0.47,-0.55,1.96,46.46,-7.42,-5.19,-10.91,-16.70,286.53
217358,0.45,-0.55,1.93,53.40,-4.29,-8.25,-10.12,-16.57,286.33
217368,0.45,-0.56,1.92,58.78,2.28,-8.77,-9.37,-16.26,286.20
217378,0.46,-0.57,1.92,62.80,9.91,-8.20,-8.66,-15.84,286.11
217388,0.48,-0.60,1.93,64.94,17.75,-6.43,-8.03,-15.35,286.07
217398,0.51,-0.62,1.93,65.73,23.99,-4.02,-7.45,-14.87,286.09
217408,0.55,-0.64,1.91,62.88,29.75,-1.49,-7.05,-14.38,286.14
217418,0.57,-0.63,1.89,57.12,34.95,0.81,-6.82,-13.87,286.20
217428,0.60,-0.61,1.86,47.71,38.81,2.38,-6.81,-13.39,286.24
217438,0.61,-0.58,1.82,36.63,41.50,3.25,-6.97,-12.94,286.26
217448,0.61,-0.54,1.79,24.11,42.60,3.72,-7.30,-12.55,286.28
217458,0.61,-0.51,1.76,12.46,41.94,4.86,-7.72,-12.24,286.34
217468,0.59,-0.48,1.70,0.92,37.81,6.45,-8.28,-12.09,286.45
217478,0.56,-0.47,1.64,-9.03,33.31,8.44,-8.89,-11.97,286.62
217488,0.53,-0.49,1.56,-17.37,29.08,9.76,-9.54,-11.86,286.77
217498,0.50,-0.50,1.49,-23.98,24.45,10.28,-10.17,-11.82,286.91
217508,0.47,-0.51,1.40,-28.62,17.12,9.01,-10.77,-11.97,286.99
217518,0.43,-0.50,1.29,-31.38,8.44,6.23,-11.30,-12.25,287.02
217528,0.37,-0.47,1.14,-32.73,-1.81,1.86,-11.78,-12.72,286.97
217538,0.32,-0.42,0.99,-32.95,-11.00,-2.92,-12.21,-13.23,286.88
217548,0.26,-0.36,0.83,-32.02,-18.64,-7.94,-12.57,-13.75,286.73
217558,0.19,-0.29,0.67,-29.55,-23.36,-12.95,-12.74,-14.12,286.50
217568,0.14,-0.23,0.53,-25.96,-25.25,-17.68,-12.75,-14.42,286.20
217578,0.08,-0.15,0.41,-19.01,-22.95,-22.92,-12.47,-14.59,285.77
217588,0.03,-0.07,0.31,-9.73,-18.42,-28.08,-11.98,-14.64,285.25
217598,-0.02,0.01,0.22,3.68,-10.73,-32.27,-11.18,-14.49,284.69
217608,-0.06,0.08,0.15,18.84,-1.18,-35.08,-10.15,-14.16,284.13
217618,-0.09,0.15,0.11,37.62,11.36,-36.32,-8.79,-13.58,283.58
217628,-0.11,0.22,0.08,56.02,23.02,-36.83,-7.27,-12.92,283.06
217638,-0.12,0.27,0.05,72.71,32.09,-35.98,-5.68,-12.25,282.62
217648,-0.12,0.31,0.03,84.77,38.58,-33.79,-4.17,-11.60,282.29
217658,-0.10,0.33,0.03,91.56,41.18,-30.96,-2.82,-11.09,282.03
217668,-0.09,0.34,0.03,95.00,41.33,-28.25,-1.58,-10.66,281.82
217678,-0.08,0.34,0.03,93.82,37.70,-24.43,-0.56,-10.42,281.70
217688,-0.05,0.34,0.03,89.94,32.68,-20.72,0.31,-10.30,281.62
217698,-0.03,0.32,0.05,83.02,25.96,-17.10,0.99,-10.33,281.57
217708,-0.01,0.30,0.06,75.94,18.44,-13.73,1.57,-10.48,281.54
217718,0.01,0.26,0.07,68.44,8.47,-10.30,2.05,-10.86,281.55
217728,0.03,0.23,0.08,61.75,-1.33,-7.07,2.47,-11.35,281.58
217738,0.06,0.18,0.08,55.05,-11.23,-3.36,2.71,-11.98,281.68
217748,0.08,0.13,0.07,48.87,-20.34,-0.07,2.89,-12.66,281.79
217758,0.09,0.09,0.07,42.96,-28.33,2.19,3.00,-13.36,281.89
217768,0.11,0.04,0.07,37.58,-35.00,3.49,3.07,-14.07,281.96
217778,0.13,-0.02,0.08,33.10,-40.56,3.82,3.12,-14.76,282.00
217788,0.15,-0.07,0.10,29.79,-45.33,3.20,3.19,-15.47,282.00
217798,0.17,-0.11,0.11,27.42,-51.33,1.10,3.31,-16.28,281.91
217808,0.19,-0.15,0.12,24.72,-58.46,-1.15,3.39,-17.20,281.77
217818,0.20,-0.18,0.11,20.19,-67.92,-3.85,3.39,-18.32,281.58
217828,0.20,-0.19,0.09,16.20,-76.79,-6.52,3.37,-19.50,281.36
217838,0.19,-0.20,0.07,13.88,-83.38,-10.71,3.45,-20.65,281.03
217848,0.19,-0.20,0.05,12.72,-87.31,-16.31,3.61,-21.72,280.58
217858,0.19,-0.20,0.05,12.90,-89.13,-23.67,3.90,-22.73,279.98
217868,0.20,-0.20,0.04,12.95,-90.57,-29.80,4.21,-23.74,279.34
217878,0.21,-0.19,0.04,11.70,-91.71,-35.39,4.49,-24.74,278.66
217888,0.23,-0.19,0.04,9.55,-92.85,-38.86,4.71,-25.76,278.03
217898,0.25,-0.20,0.04,5.06,-94.19,-39.93,4.76,-26.80,277.48
217908,0.30,-0.21,0.06,-4.93,-98.75,-37.66,4.45,-28.04,277.08
217918,0.37,-0.19,0.05,-17.14,-106.38,-34.71,3.94,-29.49,276.72
217928,0.43,-0.15,0.01,-33.72,-115.15,-30.33,3.07,-31.09,276.46
217938,0.50,-0.11,-0.04,-49.91,-121.07,-25.32,2.01,-32.64,276.32
217948,0.56,-0.10,-0.10,-65.60,-119.95,-18.09,0.66,-33.90,276.43
217958,0.62,-0.14,-0.13,-81.04,-111.99,-9.55,-0.98,-34.80,276.75
217968,0.71,-0.26,-0.07,-100.08,-94.01,0.07,-3.11,-35.08,277.29
217978,0.79,-0.39,0.04,-119.89,-73.89,6.92,-5.45,-35.05,277.76
217988,0.80,-0.51,0.23,-142.17,-54.27,11.18,-8.07,-34.79,278.15
217998,0.77,-0.60,0.43,-163.18,-38.81,15.37,-10.87,-34.47,278.56
218008,0.70,-0.67,0.67,-182.68,-26.18,22.88,-13.89,-34.04,279.17
218018,0.64,-0.71,0.90,-197.58,-17.63,30.61,-16.88,-33.62,279.86
218028,0.54,-0.72,1.07,-206.25,-16.07,41.36,-19.87,-33.35,280.88
218038,0.46,-0.76,1.19,-210.01,-13.70,53.95,-22.80,-32.91,282.07
218048,0.43,-0.80,1.32,-206.79,-3.29,67.11,-25.36,-31.97,283.19
218058,0.41,-0.86,1.44,-201.59,7.34,78.00,-27.72,-30.88,284.22
218068,0.45,-0.96,1.61,-195.10,18.85,86.96,-29.88,-29.61,285.11
218078,0.50,-1.05,1.77,-188.40,28.63,91.74,-31.83,-28.36,285.80
218088,0.55,-1.10,1.91,-181.23,34.40,90.79,-33.54,-27.31,286.26
218098,0.60,-1.12,2.03,-174.75,38.67,86.92,-35.11,-26.37,286.54
218108,0.63,-1.09,2.14,-163.52,43.85,80.38,-36.25,-25.47,286.57
218118,0.65,-1.03,2.23,-146.82,51.73,72.31,-36.87,-24.52,286.34
218128,0.66,-0.93,2.31,-119.51,63.79,63.40,-36.68,-23.43,285.81
218138,0.65,-0.82,2.38,-88.15,75.28,55.19,-35.98,-22.30,285.19
218148,0.65,-0.70,2.40,-48.20,85.67,47.97,-34.54,-21.13,284.53
218158,0.64,-0.60,2.37,-9.69,93.60,42.05,-32.79,-19.97,283.91
218168,0.63,-0.52,2.30,24.46,96.76,38.66,-30.94,-18.90,283.49
218178,0.63,-0.45,2.21,50.89,96.35,36.10,-29.19,-17.96,283.19
218188,0.64,-0.41,2.08,68.13,88.35,34.36,-27.70,-17.36,283.13
218198,0.64,-0.37,1.94,77.90,76.96,32.87,-26.46,-17.01,283.20
218208,0.64,-0.36,1.79,82.44,64.04,30.30,-25.41,-16.89,283.31
218218,0.64,-0.36,1.65,88.73,54.17,26.95,-24.24,-16.80,283.35
218228,0.65,-0.39,1.51,100.51,50.11,20.84,-22.73,-16.61,283.18
218238,0.66,-0.42,1.37,112.99,49.11,13.13,-21.05,-16.36,282.85
218248,0.67,-0.45,1.26,124.24,50.15,4.29,-19.28,-16.05,282.36
218258,0.66,-0.46,1.17,132.89,51.50,-5.32,-17.49,-15.74,281.76
218268,0.64,-0.47,1.10,139.33,52.09,-13.91,-15.74,-15.44,281.14
218278,0.62,-0.48,1.05,143.96,51.62,-21.15,-14.03,-15.16,280.52
218288,0.60,-0.48,1.02,148.85,51.05,-27.21,-12.26,-14.88,279.91
218298,0.58,-0.48,1.01,153.26,50.01,-32.45,-10.48,-14.60,279.30
218308,0.56,-0.48,1.00,156.82,47.23,-36.54,-8.71,-14.40,278.72
218318,0.55,-0.49,0.98,161.54,43.27,-41.43,-6.84,-14.27,278.08
218328,0.54,-0.49,0.94,167.41,39.92,-47.38,-4.84,-14.14,277.35
218338,0.52,-0.50,0.91,174.24,39.51,-54.10,-2.72,-13.87,276.51
218348,0.52,-0.50,0.89,181.75,40.63,-60.81,-0.49,-13.50,275.62
218358,0.51,-0.50,0.89,187.30,41.35,-67.90,1.73,-13.10,274.66
218368,0.50,-0.49,0.89,190.79,39.73,-73.74,3.89,-12.78,273.70
218378,0.48,-0.48,0.89,187.68,34.58,-79.88,5.77,-12.60,272.67
218388,0.46,-0.45,0.89,180.23,26.29,-84.36,7.39,-12.59,271.64
218398,0.44,-0.43,0.86,167.37,14.01,-86.53,8.67,-12.85,270.65
218408,0.42,-0.40,0.83,153.24,2.00,-87.27,9.75,-13.21,269.68
218418,0.40,-0.38,0.80,136.69,-8.21,-87.56,10.58,-13.58,268.72
218428,0.38,-0.35,0.80,119.24,-17.13,-87.87,11.20,-13.97,267.74
218438,0.36,-0.32,0.82,101.82,-27.18,-87.97,11.66,-14.47,266.74
218448,0.34,-0.29,0.85,85.14,-37.99,-87.30,11.99,-15.10,265.74
218458,0.31,-0.26,0.87,67.56,-51.45,-85.43,12.12,-15.95,264.75
218468,0.29,-0.22,0.90,49.75,-64.18,-83.28,12.08,-16.90,263.77
218478,0.25,-0.16,0.91,35.36,-76.58,-82.01,12.11,-17.88,262.72
218488,0.22,-0.11,0.93,23.73,-85.37,-79.96,12.15,-18.81,261.73
218498,0.20,-0.06,0.97,13.66,-92.04,-77.19,12.16,-19.74,260.80
218508,0.18,-0.03,1.01,5.83,-98.73,-73.75,12.15,-20.75,259.91
218518,0.18,-0.04,1.04,0.16,-104.26,-70.99,12.17,-21.79,259.03
218528,0.19,-0.05,1.08,-3.35,-107.06,-70.14,12.26,-22.75,258.09
218538,0.21,-0.06,1.12,-5.31,-109.38,-72.08,12.48,-23.68,257.00
218548,0.20,-0.05,1.14,-6.31,-111.30,-75.40,12.81,-24.57,255.80
218558,0.18,-0.02,1.15,-4.14,-108.72,-79.60,13.35,-25.21,254.53
218568,0.16,0.01,1.15,0.43,-102.80,-83.47,14.05,-25.65,253.28
218578,0.13,0.04,1.12,7.71,-92.60,-86.49,14.91,-25.81,252.08
218588,0.11,0.08,1.09,13.44,-80.77,-88.95,15.77,-25.76,250.93
218598,0.09,0.11,1.06,16.76,-68.50,-91.01,16.56,-25.57,249.81
218608,0.07,0.15,0.99,17.63,-54.05,-92.85,17.24,-25.14,248.75
218618,0.03,0.20,0.93,16.68,-37.14,-94.07,17.81,-24.45,247.80
218628,-0.02,0.27,0.89,12.00,-17.94,-92.48,18.08,-23.52,247.08
218638,-0.07,0.32,0.85,4.46,-0.59,-87.97,18.07,-22.55,246.56
218648,-0.10,0.35,0.85,-6.59,14.36,-79.22,17.68,-21.61,246.34
218658,-0.12,0.36,0.84,-19.82,24.81,-69.09,17.01,-20.78,246.25
218668,-0.12,0.34,0.81,-39.75,28.35,-55.99,15.80,-20.25,246.33
218678,-0.11,0.31,0.76,-60.86,30.55,-42.67,14.29,-19.79,246.54
218688,-0.10,0.27,0.68,-83.10,35.84,-29.43,12.44,-19.18,246.93
218698,-0.10,0.22,0.60,-103.64,44.26,-17.29,10.41,-18.37,247.42
218708,-0.14,0.17,0.54,-123.41,58.75,-5.64,8.17,-17.18,248.04
218718,-0.18,0.12,0.50,-141.03,75.54,5.16,5.83,-15.72,248.73
218728,-0.24,0.06,0.50,-158.14,94.98,16.53,3.32,-13.95,249.52
218738,-0.31,-0.01,0.54,-173.52,112.52,27.13,0.75,-12.05,250.31
218748,-0.41,-0.08,0.60,-187.78,125.46,38.71,-1.90,-10.16,251.17
218758,-0.50,-0.15,0.66,-200.51,135.04,50.67,-4.60,-8.27,252.07
218768,-0.58,-0.23,0.75,-217.43,140.84,64.79,-7.63,-6.41,253.11
218778,-0.63,-0.31,0.86,-236.66,139.94,79.43,-10.92,-4.73,254.26
218788,-0.62,-0.42,0.98,-258.87,129.62,96.22,-14.57,-3.42,255.66
218798,-0.56,-0.51,1.10,-280.04,115.04,111.49,-18.37,-2.31,257.16
218808,-0.46,-0.56,1.20,-301.07,88.81,124.57,-22.38,-1.80,258.88
218818,-0.35,-0.58,1.25,-319.27,56.63,134.44,-26.46,-1.76,260.76
218828,-0.28,-0.56,1.22,-331.33,19.09,141.25,-30.22,-2.11,262.86
218838,-0.22,-0.52,1.15,-336.88,-12.85,146.07,-33.80,-2.40,265.01
218848,-0.19,-0.45,1.07,-327.46,-34.57,149.45,-36.69,-2.42,267.04
218858,-0.18,-0.40,0.98,-308.87,-48.81,152.19,-39.03,-2.20,268.97
218868,-0.14,-0.39,0.90,-285.22,-55.16,155.11,-40.90,-1.72,270.77
218878,-0.09,-0.39,0.85,-264.04,-59.60,157.23,-42.67,-1.27,272.52
218888,-0.04,-0.40,0.81,-247.74,-67.38,156.92,-44.48,-1.00,274.32
218898,0.00,-0.40,0.77,-237.38,-77.06,155.35,-46.39,-0.82,276.20
218908,0.02,-0.39,0.75,-235.53,-91.37,155.97,-48.61,-0.68,278.36
218918,0.03,-0.38,0.72,-237.97,-108.00,159.59,-51.03,-0.50,280.82
218928,0.11,-0.32,0.74,-245.15,-128.07,172.36,-53.71,-0.06,283.83
218938,0.17,-0.28,0.73,-240.78,-146.88,177.13,-55.87,0.21,286.78
218948,0.18,-0.24,0.67,-228.48,-164.49,177.54,-57.59,0.36,289.73
218958,0.21,-0.23,0.58,-211.84,-177.38,173.83,-59.00,0.41,292.52
218968,0.21,-0.24,0.48,-190.59,-182.14,167.11,-60.06,0.48,294.96
218978,0.25,-0.26,0.39,-164.35,-174.04,158.24,-60.68,0.74,296.80
218988,0.28,-0.30,0.33,-141.68,-162.32,146.95,-61.20,0.96,298.30
218998,0.30,-0.32,0.29,-125.30,-153.90,133.86,-61.79,0.99,299.75
219008,0.30,-0.32,0.28,-114.55,-150.70,122.74,-62.46,0.93,301.34
219018,0.32,-0.35,0.27,-109.52,-155.92,112.31,-63.34,0.64,303.23
219028,0.33,-0.38,0.25,-104.29,-158.79,102.22,-64.18,0.33,305.03
219038,0.35,-0.39,0.24,-97.90,-157.16,89.60,-64.90,-0.07,306.56
219048,0.35,-0.40,0.25,-88.69,-152.99,75.78,-65.41,-0.57,307.89
219058,0.35,-0.43,0.26,-75.90,-148.92,61.82,-65.66,-1.17,309.12
219068,0.35,-0.46,0.25,-64.38,-146.48,49.87,-65.88,-1.83,310.38
219078,0.32,-0.50,0.19,-56.51,-146.56,40.10,-66.27,-2.46,311.73
219088,0.21,-0.55,-0.04,-61.99,-152.19,40.12,-67.29,-2.76,313.49
219098,0.32,-0.56,0.01,-89.52,-162.42,53.92,-69.40,-2.60,315.79
219108,0.44,-0.57,0.11,-87.87,-149.76,48.10,-70.23,-2.81,316.81
219118,0.41,-0.62,0.04,-67.18,-134.20,31.38,-70.19,-3.44,317.37
219128,0.39,-0.64,-0.04,-64.55,-134.57,22.88,-70.91,-4.04,318.62
219138,0.41,-0.68,-0.08,-80.73,-139.94,13.03,-72.55,-4.86,320.08
219148,0.41,-0.72,-0.11,-95.71,-143.95,2.48,-74.32,-5.76,321.52
219158,0.37,-0.73,-0.17,-106.57,-148.46,-7.98,-76.07,-6.69,323.02
219168,0.30,-0.73,-0.21,-111.16,-147.54,-16.11,-77.62,-7.48,324.33
219178,0.27,-0.77,-0.31,-103.17,-138.55,-18.75,-78.56,-7.98,325.29
219188,0.28,-0.90,-0.53,-110.66,-138.05,-18.75,-80.26,-8.43,326.62
219198,0.24,-0.95,-0.62,-115.38,-121.18,-18.44,-81.77,-8.67,327.15
219208,0.20,-1.00,-0.68,-118.47,-101.22,-14.63,-83.21,-8.69,327.37
219218,0.14,-1.07,-0.67,-115.83,-79.83,-5.19,-84.35,-8.32,327.37
219228,0.08,-1.15,-0.65,-108.01,-58.45,5.46,-85.17,-7.78,327.15
219238,0.01,-1.20,-0.55,-102.52,-36.39,18.30,-85.97,-6.95,326.69
219248,-0.08,-1.27,-0.42,-103.15,-21.97,34.45,-87.00,-5.83,326.39
219258,-0.10,-1.35,-0.30,-110.40,-24.80,54.65,-88.40,-4.38,326.81
219268,-0.12,-1.44,-0.25,-120.24,-40.30,73.70,-90.10,-2.79,327.85
219278,-0.16,-1.50,-0.27,-133.44,-61.96,91.28,-92.07,-1.07,329.31
219288,-0.24,-1.52,-0.32,-146.25,-84.65,103.95,-94.12,0.65,330.97
219298,-0.37,-1.50,-0.35,-150.95,-95.69,109.63,-95.83,2.20,332.25
219308,-0.51,-1.47,-0.30,-140.67,-85.94,114.38,-96.81,3.68,332.57
219318,-0.61,-1.46,-0.20,-124.96,-70.00,121.17,-97.40,5.25,332.45
219328,-0.66,-1.48,-0.05,-108.61,-57.33,129.57,-97.79,6.93,332.30
219338,-0.69,-1.50,0.08,-96.15,-54.07,136.20,-98.17,8.65,332.49
219348,-0.74,-1.51,0.14,-89.90,-63.47,142.58,-98.64,10.53,333.27
219358,-0.79,-1.50,0.16,-88.51,-73.16,148.34,-99.25,12.47,334.13
219368,-0.82,-1.48,0.15,-88.09,-80.90,153.16,-99.88,14.43,334.98
219378,-0.85,-1.44,0.13,-86.25,-85.39,155.32,-100.43,16.32,335.74
219388,-0.86,-1.37,0.13,-81.11,-83.24,154.88,-100.85,18.04,336.23
219398,-0.86,-1.32,0.14,-72.14,-79.12,154.01,-101.04,19.70,336.59
219408,-0.83,-1.29,0.16,-59.97,-71.03,152.78,-101.05,21.27,336.72
219418,-0.78,-1.26,0.21,-48.11,-61.86,151.38,-100.99,22.77,336.71
219428,-0.73,-1.24,0.29,-32.32,-52.82,148.62,-100.65,24.16,336.64
219438,-0.68,-1.23,0.38,-11.12,-44.54,144.49,-99.90,25.44,336.54
219448,-0.62,-1.24,0.45,16.89,-33.24,139.43,-98.68,26.59,336.23
219458,-0.56,-1.25,0.52,41.65,-23.29,134.10,-97.37,27.67,335.90
219468,-0.51,-1.26,0.58,61.28,-17.10,128.05,-96.00,28.67,335.71
219478,-0.47,-1.25,0.62,76.79,-15.03,121.95,-94.55,29.63,335.72
219488,-0.43,-1.23,0.63,88.74,-19.44,114.85,-92.92,30.49,336.12
219498,-0.40,-1.21,0.62,98.54,-26.82,107.73,-91.15,31.27,336.78
219508,-0.37,-1.18,0.58,107.81,-37.69,100.27,-89.13,31.93,337.77
219518,-0.36,-1.15,0.51,114.39,-48.99,93.79,-87.04,32.51,338.95
219528,-0.36,-1.11,0.44,119.10,-60.75,88.90,-84.89,33.03,340.31
219538,-0.36,-1.07,0.37,122.96,-71.08,84.33,-82.71,33.46,341.74
219548,-0.37,-1.04,0.33,127.58,-79.20,80.14,-80.44,33.81,343.18
219558,-0.38,-1.02,0.28,133.94,-85.50,76.05,-78.08,34.08,344.60
219568,-0.39,-1.00,0.22,143.98,-89.67,73.00,-75.54,34.38,345.96
219578,-0.39,-0.98,0.16,154.47,-90.96,70.17,-72.93,34.64,347.22
219588,-0.37,-0.95,0.10,165.24,-84.81,65.20,-70.46,34.83,348.03
219598,-0.36,-0.93,0.07,174.86,-74.27,59.62,-68.14,35.02,348.49
219608,-0.33,-0.93,0.03,184.70,-61.32,52.07,-65.88,35.13,348.64
219618,-0.29,-0.94,0.00,193.33,-49.66,43.74,-63.66,35.14,348.67
219628,-0.25,-0.96,-0.01,200.66,-39.54,34.79,-61.48,35.07,348.59
219638,-0.21,-0.98,-0.04,206.90,-31.53,23.54,-59.35,34.83,348.39
219648,-0.17,-0.99,-0.05,210.59,-24.88,12.79,-57.32,34.51,348.12
219658,-0.12,-1.01,-0.04,209.46,-17.79,2.84,-55.57,34.18,347.71
219668,-0.07,-1.02,-0.03,203.96,-9.77,-5.07,-54.11,33.93,347.18
219678,-0.03,-1.01,0.01,189.41,0.14,-12.16,-53.26,33.74,346.45
219688,-0.01,-1.01,0.05,169.37,8.06,-17.16,-52.81,33.59,345.76
219698,0.02,-1.03,0.12,139.65,6.32,-20.94,-52.80,33.20,345.47
219708,0.04,-1.07,0.17,110.77,-4.37,-21.85,-52.77,32.61,345.70
219718,0.02,-1.13,0.17,84.45,-20.00,-21.17,-52.74,31.89,346.29
219728,-0.01,-1.18,0.17,61.53,-31.42,-23.19,-52.88,31.11,346.73
219738,-0.05,-1.25,0.16,40.91,-38.56,-27.05,-53.24,30.32,347.00
219748,-0.09,-1.32,0.15,24.00,-43.20,-31.20,-53.66,29.52,347.19
219758,-0.13,-1.40,0.16,11.08,-43.19,-38.76,-54.20,28.65,347.08
219768,-0.19,-1.49,0.19,1.40,-41.21,-49.94,-54.83,27.64,346.71
219778,-0.27,-1.56,0.22,-5.23,-38.83,-63.38,-55.47,26.48,346.18
219788,-0.35,-1.62,0.24,-11.65,-35.78,-75.48,-56.19,25.30,345.58
219798,-0.44,-1.67,0.27,-20.36,-32.73,-87.74,-57.11,24.04,344.90
219808,-0.54,-1.71,0.30,-30.15,-31.63,-98.31,-58.13,22.72,344.29
219818,-0.64,-1.74,0.33,-43.18,-31.04,-105.54,-59.35,21.46,343.77
219828,-0.74,-1.76,0.37,-56.50,-30.83,-109.32,-60.67,20.30,343.35
219838,-0.85,-1.77,0.41,-69.75,-32.74,-110.39,-62.03,19.17,343.12
219848,-0.94,-1.78,0.43,-80.28,-34.08,-110.01,-63.36,18.12,342.94
219858,-1.02,-1.76,0.43,-88.43,-33.83,-108.68,-64.66,17.14,342.76
219868,-1.12,-1.72,0.42,-96.35,-34.38,-105.88,-66.00,16.23,342.68
219878,-1.23,-1.67,0.40,-104.85,-31.07,-100.60,-67.46,15.54,342.52
219888,-1.33,-1.62,0.39,-112.02,-24.32,-94.17,-68.97,15.03,342.22
219898,-1.41,-1.60,0.38,-114.04,-13.54,-86.67,-70.33,14.71,341.72
219908,-1.48,-1.58,0.37,-111.39,-0.67,-80.91,-71.53,14.45,341.03
219918,-1.52,-1.55,0.38,-102.60,17.70,-76.61,-72.48,14.28,339.94
219928,-1.55,-1.51,0.40,-92.34,37.42,-72.89,-73.32,14.18,338.62
219938,-1.56,-1.47,0.45,-80.52,58.27,-68.09,-74.00,14.21,337.08
219948,-1.55,-1.43,0.51,-68.51,75.76,-61.73,-74.56,14.36,335.54
219958,-1.53,-1.38,0.57,-55.70,89.27,-52.90,-74.93,14.66,334.07
219968,-1.50,-1.33,0.61,-44.26,98.79,-42.42,-75.22,15.09,332.71
219978,-1.47,-1.29,0.65,-34.37,104.43,-30.42,-75.45,15.67,331.49
219988,-1.40,-1.24,0.67,-25.43,105.35,-15.45,-75.57,16.46,330.52
219998,-1.31,-1.19,0.67,-17.06,104.52,-0.01,-75.60,17.38,329.68
220008,-1.18,-1.17,0.66,-6.12,103.67,15.60,-75.40,18.44,328.88
220018,-1.01,-1.16,0.64,6.10,104.59,28.14,-75.06,19.46,328.01
220028,-0.79,-1.17,0.62,19.91,107.59,36.45,-74.62,20.35,326.99
220038,-0.55,-1.19,0.59,31.64,110.01,40.12,-74.20,21.10,325.92
220048,-0.31,-1.22,0.56,39.28,109.95,36.25,-73.89,21.50,324.85
220058,-0.09,-1.24,0.51,42.72,108.13,26.35,-73.72,21.55,323.77
220068,0.07,-1.26,0.46,40.72,104.84,8.49,-73.82,21.09,322.63
220078,0.17,-1.27,0.41,37.08,101.18,-12.76,-74.03,20.28,321.44
220088,0.22,-1.25,0.36,32.84,98.84,-42.23,-74.36,18.87,320.06
220098,0.22,-1.20,0.33,28.96,98.15,-74.08,-74.72,17.07,318.52
220108,0.17,-1.12,0.31,25.28,99.19,-107.08,-75.07,14.92,316.84
220118,0.11,-1.00,0.29,20.23,99.89,-136.54,-75.39,12.73,315.17
220128,0.01,-0.87,0.29,15.46,100.74,-162.67,-75.72,10.47,313.47
220138,-0.07,-0.74,0.28,10.75,99.79,-181.08,-76.01,8.32,311.90
220148,-0.15,-0.61,0.29,2.86,94.44,-193.50,-76.42,6.20,310.61
220158,-0.21,-0.50,0.30,-2.27,91.27,-201.20,-76.72,4.18,309.30
220168,-0.23,-0.41,0.34,-2.11,90.86,-205.61,-76.75,2.25,307.92
220178,-0.23,-0.34,0.38,1.84,90.10,-209.85,-76.55,0.27,306.55
220188,-0.22,-0.29,0.40,7.05,84.55,-212.96,-76.19,-1.76,305.41
220198,-0.21,-0.25,0.40,8.90,75.44,-214.19,-75.92,-3.76,304.50
220208,-0.21,-0.20,0.38,4.48,62.95,-210.86,-75.95,-5.60,303.89
220218,-0.23,-0.15,0.36,-1.31,52.24,-205.13,-76.09,-7.30,303.35
220228,-0.23,-0.10,0.34,-3.10,45.51,-199.01,-76.06,-8.92,302.74
220238,-0.22,-0.07,0.34,-0.35,42.04,-195.03,-75.78,-10.56,302.01
220248,-0.20,-0.05,0.33,6.98,40.67,-193.04,-75.20,-12.24,301.18
220258,-0.18,-0.03,0.33,13.49,38.62,-191.70,-74.56,-13.94,300.37
220268,-0.16,-0.02,0.33,16.76,34.23,-189.16,-74.04,-15.61,299.69
220278,-0.14,-0.00,0.33,18.18,28.39,-186.41,-73.58,-17.26,299.11
220288,-0.14,0.01,0.31,18.78,20.72,-182.89,-73.19,-18.88,298.69
220298,-0.15,0.04,0.28,19.36,13.89,-178.73,-72.80,-20.44,298.31
220308,-0.16,0.06,0.26,21.04,9.11,-174.52,-72.33,-21.95,297.89
220318,-0.16,0.07,0.24,23.83,6.18,-170.92,-71.76,-23.43,297.40
220328,-0.16,0.09,0.24,27.96,4.67,-167.97,-71.05,-24.90,296.85
220338,-0.16,0.09,0.23,34.54,4.30,-165.13,-70.13,-26.32,296.23
220348,-0.15,0.10,0.23,41.78,4.17,-162.61,-69.07,-27.72,295.57
220358,-0.15,0.10,0.23,48.71,3.26,-160.40,-67.95,-29.11,294.92
220368,-0.15,0.11,0.23,53.77,1.06,-158.15,-66.87,-30.49,294.31
220378,-0.16,0.12,0.23,55.92,-3.01,-154.97,-65.93,-31.85,293.82
220388,-0.18,0.13,0.23,55.98,-7.37,-151.52,-65.10,-33.18,293.39
220398,-0.21,0.13,0.23,56.43,-11.54,-144.85,-64.30,-34.33,293.06
220408,-0.25,0.11,0.23,56.69,-14.90,-138.07,-63.52,-35.40,292.76
220418,-0.27,0.10,0.25,55.62,-17.01,-130.78,-62.79,-36.38,292.44
220428,-0.29,0.11,0.28,53.86,-19.76,-123.38,-62.15,-37.32,292.21
220438,-0.36,0.16,0.33,51.33,-23.20,-114.42,-61.65,-38.16,292.12
220448,-0.45,0.24,0.38,50.68,-27.12,-103.16,-61.19,-38.85,292.21
220458,-0.61,0.37,0.45,55.44,-29.55,-83.04,-60.67,-39.03,292.61
220468,-0.81,0.46,0.52,64.81,-30.12,-54.21,-60.07,-38.63,293.33
220478,-0.98,0.42,0.59,79.32,-29.12,-7.15,-59.53,-37.14,294.74
220488,-1.11,0.25,0.65,93.83,-28.50,44.16,-59.08,-35.06,296.58
220498,-1.13,-0.08,0.71,105.84,-31.26,100.11,-58.89,-32.41,299.02
220508,-1.10,-0.40,0.75,111.93,-37.57,149.35,-58.93,-29.67,301.73
220518,-1.11,-0.67,0.74,107.46,-51.97,192.18,-59.57,-27.00,304.92
220528,-1.20,-0.86,0.69,97.38,-68.17,228.71,-60.47,-24.31,308.29
220538,-1.37,-0.98,0.62,83.07,-78.48,264.80,-61.50,-21.21,311.58
220548,-1.53,-1.07,0.59,71.84,-80.20,298.57,-62.24,-17.70,314.57
220558,-1.72,-1.19,0.62,66.87,-73.01,331.88,-62.49,-13.68,317.22
220568,-1.87,-1.35,0.68,65.25,-63.16,363.71,-62.41,-9.33,319.75
220578,-1.94,-1.58,0.79,66.51,-52.99,393.68,-62.01,-4.74,322.27
220588,-1.98,-1.79,0.89,67.83,-46.25,417.14,-61.39,-0.22,324.86
220598,-2.04,-1.96,0.93,66.62,-43.95,433.50,-60.70,4.09,327.58
220608,-2.12,-2.08,0.93,63.78,-41.08,445.72,-59.90,8.35,330.30
220618,-2.21,-2.19,0.92,62.10,-32.32,454.31,-58.92,12.68,332.80
220628,-2.29,-2.27,0.93,62.60,-19.61,459.52,-57.70,17.04,335.13
220638,-2.30,-2.36,0.99,65.55,-2.19,463.19,-56.25,21.51,337.28
220648,-2.27,-2.44,1.07,67.88,13.11,464.87,-54.62,25.91,339.52
220658,-2.20,-2.51,1.17,68.76,23.97,463.71,-52.81,30.07,341.94
220668,-2.11,-2.55,1.25,70.12,30.31,460.99,-50.70,33.94,344.65
220678,-2.02,-2.59,1.31,72.65,33.08,455.94,-48.19,37.48,347.66
220688,-1.87,-2.64,1.32,76.69,32.00,447.34,-45.24,40.60,350.98
220698,-1.70,-2.68,1.30,80.20,29.53,436.33,-41.97,43.36,354.54
220708,-1.49,-2.71,1.28,80.17,24.20,420.95,-38.60,45.63,358.28
220718,-1.29,-2.72,1.25,76.70,14.60,404.57,-35.08,47.39,2.35
220728,-1.11,-2.69,1.17,67.96,-3.47,386.38,-31.52,48.41,6.78
220738,-0.95,-2.65,1.07,56.20,-24.26,368.24,-28.05,48.88,11.36
220748,-0.83,-2.58,0.93,40.87,-46.30,346.33,-25.08,48.79,15.67
220758,-0.73,-2.50,0.78,26.58,-64.38,323.76,-22.50,48.45,19.61
220768,-0.66,-2.39,0.62,14.10,-75.90,298.04,-20.49,48.01,22.88
220778,-0.60,-2.27,0.49,3.77,-81.10,272.70,-18.88,47.62,25.67
220788,-0.56,-2.13,0.39,-2.27,-78.31,245.86,-17.65,47.41,27.80
220798,-0.50,-2.00,0.33,-3.66,-72.23,220.26,-16.53,47.28,29.55
220808,-0.44,-1.88,0.30,0.38,-61.90,194.25,-15.53,47.31,30.79
220818,-0.37,-1.76,0.30,6.62,-51.44,170.67,-14.54,47.38,31.80
220828,-0.28,-1.66,0.31,15.34,-43.20,147.79,-13.56,47.37,32.54
220838,-0.19,-1.57,0.31,24.20,-37.45,126.92,-12.62,47.28,33.10
220848,-0.11,-1.48,0.30,32.04,-34.48,107.57,-11.75,47.08,33.50
220858,-0.05,-1.40,0.27,38.05,-33.19,91.08,-10.95,46.81,33.84
220868,0.01,-1.32,0.23,41.80,-33.31,76.29,-10.29,46.48,34.07
220878,0.05,-1.26,0.19,44.15,-33.77,63.67,-9.70,46.12,34.24
220888,0.09,-1.21,0.14,45.44,-33.86,51.73,-9.25,45.76,34.27
220898,0.12,-1.17,0.10,46.10,-33.25,39.45,-8.96,45.42,34.09
220908,0.15,-1.14,0.07,44.77,-31.25,25.03,-9.00,45.11,33.58
220918,0.17,-1.11,0.04,41.74,-28.60,10.95,-9.27,44.83,32.88
220928,0.17,-1.09,0.02,37.81,-26.02,-3.44,-9.77,44.56,31.96
220938,0.16,-1.07,-0.00,34.71,-22.83,-17.46,-10.40,44.31,30.87
220948,0.13,-1.04,-0.01,33.06,-16.82,-31.88,-11.16,44.21,29.51
220958,0.10,-1.02,-0.01,33.39,-9.86,-45.77,-11.97,44.17,27.96
220968,0.05,-1.00,-0.01,37.25,-1.65,-60.78,-12.82,44.21,26.11
220978,-0.01,-1.00,0.00,43.12,6.74,-75.07,-13.66,44.29,24.08
220988,-0.07,-1.03,0.02,51.00,16.84,-90.21,-14.56,44.48,21.72
220998,-0.13,-1.06,0.05,58.05,26.72,-104.73,-15.58,44.69,19.16
221008,-0.19,-1.13,0.11,62.00,35.66,-119.72,-16.87,44.86,16.34
221018,-0.25,-1.21,0.18,63.80,42.15,-135.06,-18.38,44.88,13.29
221028,-0.31,-1.30,0.26,62.72,45.33,-151.01,-20.16,44.69,10.06
221038,-0.39,-1.39,0.36,54.63,41.85,-167.25,-22.31,44.08,6.78
221048,-0.49,-1.46,0.44,41.52,33.32,-180.63,-24.61,43.11,3.72
221058,-0.64,-1.52,0.49,21.80,18.91,-192.85,-27.16,41.70,0.90
221068,-0.80,-1.57,0.53,1.84,5.93,-203.69,-29.77,40.13,358.22
221078,-0.99,-1.62,0.57,-16.70,-2.49,-215.05,-32.48,38.50,355.50
221088,-1.16,-1.68,0.59,-31.42,-6.14,-226.36,-35.15,36.85,352.73
221098,-1.35,-1.74,0.63,-42.78,-5.26,-238.92,-37.82,35.16,349.80
221108,-1.52,-1.79,0.66,-51.33,-2.22,-251.06,-40.39,33.40,346.86
221118,-1.69,-1.83,0.72,-54.88,4.75,-264.68,-42.82,31.59,343.73
221128,-1.85,-1.87,0.77,-55.10,12.90,-277.52,-45.04,29.71,340.57
221138,-1.99,-1.89,0.83,-51.50,22.13,-289.62,-46.99,27.78,337.39
221148,-2.13,-1.89,0.88,-46.38,31.29,-299.91,-48.70,25.81,334.24
221158,-2.27,-1.87,0.91,-40.54,40.03,-307.33,-50.18,23.84,331.19
221168,-2.39,-1.83,0.94,-35.85,47.79,-311.94,-51.50,21.88,328.25
221178,-2.50,-1.78,0.94,-32.70,54.70,-311.19,-52.69,20.07,325.52
221188,-2.58,-1.72,0.95,-30.27,61.11,-307.14,-53.76,18.37,322.94
221198,-2.62,-1.64,0.95,-27.86,68.87,-298.09,-54.68,16.95,320.48
221208,-2.64,-1.56,0.95,-24.75,77.08,-286.75,-55.47,15.71,318.10
221218,-2.61,-1.45,0.95,-19.35,86.74,-272.63,-56.05,14.74,315.77
221228,-2.58,-1.34,0.96,-13.21,95.33,-257.51,-56.47,13.94,313.53
221238,-2.50,-1.21,0.96,-7.17,101.83,-237.90,-56.75,13.42,311.54
221248,-2.41,-1.09,0.95,-2.45,106.34,-216.80,-56.98,13.09,309.73
221258,-2.27,-0.98,0.92,0.81,108.11,-191.55,-57.15,13.07,308.24
221268,-2.11,-0.89,0.89,3.12,108.63,-166.07,-57.30,13.23,306.93
221278,-1.89,-0.80,0.85,5.39,108.97,-139.73,-57.37,13.64,305.79
221288,-1.64,-0.73,0.82,8.10,109.54,-116.20,-57.38,14.13,304.71
221298,-1.35,-0.66,0.81,11.40,109.34,-95.77,-57.31,14.60,303.71
221308,-1.07,-0.62,0.81,14.92,107.72,-80.27,-57.19,14.95,302.75
221318,-0.80,-0.60,0.80,21.11,103.35,-70.43,-56.92,15.08,301.84
221328,-0.55,-0.60,0.78,26.63,97.76,-65.46,-56.63,15.02,300.94
221338,-0.35,-0.63,0.75,32.02,90.41,-69.10,-56.33,14.56,299.94
221348,-0.19,-0.66,0.71,37.30,83.87,-78.39,-56.03,13.81,298.78
221358,-0.09,-0.69,0.66,41.67,77.09,-95.04,-55.76,12.64,297.42
221368,-0.02,-0.72,0.62,45.59,71.17,-115.01,-55.49,11.19,295.89
221378,0.01,-0.72,0.57,49.25,65.99,-136.96,-55.19,9.49,294.20
221388,-0.02,-0.69,0.51,53.47,61.69,-160.43,-54.85,7.67,292.35
221398,-0.06,-0.65,0.46,58.08,58.55,-182.12,-54.36,5.84,290.40
221408,-0.12,-0.60,0.41,63.66,57.43,-203.41,-53.70,3.93,288.27
221418,-0.18,-0.54,0.38,68.18,56.80,-221.30,-52.95,2.01,286.08
221428,-0.24,-0.48,0.37,70.01,53.74,-235.12,-52.19,0.06,283.99
221438,-0.29,-0.42,0.37,69.59,48.79,-244.97,-51.44,-1.89,282.00
221448,-0.34,-0.36,0.36,67.31,40.77,-250.10,-50.73,-3.85,280.23
221458,-0.38,-0.30,0.36,64.25,32.19,-251.80,-50.04,-5.77,278.59
221468,-0.42,-0.24,0.35,61.18,22.81,-250.12,-49.34,-7.63,277.11
221478,-0.44,-0.19,0.34,59.02,14.38,-246.77,-48.59,-9.43,275.71
221488,-0.45,-0.14,0.32,58.25,7.15,-242.16,-47.76,-11.16,274.35
221498,-0.45,-0.09,0.30,58.51,1.19,-237.75,-46.84,-12.85,272.99
221508,-0.45,-0.05,0.27,59.79,-3.51,-232.18,-45.84,-14.44,271.65
221518,-0.46,-0.00,0.24,61.20,-6.97,-225.80,-44.79,-15.94,270.34
221528,-0.45,0.04,0.22,63.02,-9.09,-218.38,-43.68,-17.31,269.04
221538,-0.44,0.07,0.21,65.16,-11.12,-210.91,-42.51,-18.62,267.78
221548,-0.43,0.10,0.19,67.72,-13.52,-202.46,-41.30,-19.85,266.60
221558,-0.43,0.13,0.17,70.20,-15.44,-194.25,-40.04,-21.02,265.43
221568,-0.42,0.15,0.16,73.30,-17.29,-184.89,-38.75,-22.08,264.36
221578,-0.41,0.17,0.15,76.73,-18.70,-175.97,-37.39,-23.08,263.30
221588,-0.39,0.18,0.14,80.14,-19.62,-166.97,-36.00,-23.99,262.29
221598,-0.38,0.18,0.14,83.30,-21.35,-158.42,-34.60,-24.87,261.33
221608,-0.36,0.18,0.12,86.40,-23.03,-149.95,-33.18,-25.70,260.43
221618,-0.35,0.18,0.10,89.02,-23.99,-142.42,-31.75,-26.47,259.52
221628,-0.34,0.17,0.08,90.84,-24.54,-135.19,-30.34,-27.18,258.64
221638,-0.33,0.16,0.07,91.36,-24.68,-129.04,-28.95,-27.85,257.73
221648,-0.31,0.16,0.07,90.45,-25.28,-122.32,-27.65,-28.48,256.91
221658,-0.30,0.15,0.07,88.89,-26.37,-116.01,-26.40,-29.09,256.12
221668,-0.30,0.15,0.08,87.30,-28.25,-108.63,-25.22,-29.69,255.45
221678,-0.29,0.15,0.09,85.89,-30.63,-100.88,-24.10,-30.27,254.89
221688,-0.29,0.15,0.11,83.57,-34.47,-92.32,-23.09,-30.90,254.47
221698,-0.32,0.15,0.12,80.26,-38.80,-85.19,-22.20,-31.55,254.09
221708,-0.37,0.13,0.12,77.49,-43.03,-76.39,-21.41,-32.18,253.89
221718,-0.42,0.12,0.10,75.63,-46.01,-67.01,-20.67,-32.74,253.80
221728,-0.47,0.13,0.08,73.38,-46.24,-56.78,-20.02,-33.16,253.81
221738,-0.55,0.16,0.05,67.88,-44.94,-43.96,-19.65,-33.44,254.03
221748,-0.65,0.22,0.02,60.76,-42.84,-28.77,-19.56,-33.59,254.51
221758,-0.79,0.28,0.01,53.43,-35.94,-4.96,-19.86,-33.29,255.54
221768,-0.94,0.30,0.03,48.84,-24.45,23.79,-20.33,-32.53,256.99
221778,-1.07,0.21,0.11,45.89,-7.53,62.22,-21.10,-31.12,259.12
221788,-1.16,0.07,0.22,42.29,7.62,101.84,-22.11,-29.43,261.64
221798,-1.26,-0.13,0.36,33.21,16.18,145.46,-23.66,-27.62,264.78
221808,-1.37,-0.34,0.50,18.21,17.81,190.37,-25.75,-25.75,268.44
221818,-1.45,-0.59,0.63,-2.95,12.01,240.04,-28.49,-23.75,272.81
221828,-1.54,-0.82,0.74,-24.17,3.27,286.15,-31.40,-21.57,277.42
221838,-1.68,-1.05,0.78,-50.17,-10.09,333.47,-34.74,-19.15,282.47
221848,-1.82,-1.24,0.79,-76.88,-24.41,379.31,-38.22,-16.36,287.74
221858,-2.01,-1.44,0.76,-102.95,-35.70,425.46,-41.70,-12.95,293.11
221868,-2.17,-1.66,0.76,-123.67,-41.32,466.95,-44.79,-8.98,298.25
221878,-2.29,-1.91,0.79,-137.14,-40.67,502.62,-47.31,-4.50,303.04
221888,-2.39,-2.15,0.85,-146.63,-38.88,531.45,-49.37,0.23,307.57
221898,-2.47,-2.38,0.95,-152.96,-39.27,553.24,-50.99,4.98,311.98
221908,-2.53,-2.57,1.03,-157.05,-42.64,569.95,-52.20,9.72,316.40
221918,-2.60,-2.71,1.05,-157.58,-48.61,582.29,-52.90,14.39,320.90
221928,-2.66,-2.84,1.05,-155.71,-53.17,592.36,-53.13,19.10,325.45
221938,-2.65,-2.95,1.04,-149.13,-53.47,598.70,-52.77,23.82,329.93
221948,-2.59,-3.04,1.05,-140.24,-52.03,601.56,-51.89,28.44,334.46
221958,-2.47,-3.11,1.08,-128.48,-49.88,598.09,-50.46,32.74,339.03
221968,-2.33,-3.16,1.10,-115.84,-48.03,590.74,-48.48,36.71,343.78
221978,-2.14,-3.17,1.13,-100.04,-47.41,576.46,-45.91,40.16,348.63
221988,-1.95,-3.16,1.15,-82.43,-47.34,558.57,-42.75,43.15,353.65
221998,-1.74,-3.12,1.17,-60.46,-47.39,534.39,-39.05,45.58,358.63
222008,-1.54,-3.08,1.19,-38.87,-48.23,508.51,-34.96,47.53,3.70
222018,-1.32,-3.04,1.17,-18.23,-53.83,478.22,-30.63,48.75,8.72
222028,-1.11,-3.00,1.11,-1.32,-64.13,446.47,-26.29,49.28,13.66
222038,-0.92,-2.92,0.98,9.02,-80.05,410.76,-22.43,49.03,18.18
222048,-0.78,-2.82,0.83,14.53,-93.99,374.81,-19.17,48.41,22.13
222058,-0.69,-2.67,0.64,16.76,-101.78,335.89,-16.72,47.69,25.18
222068,-0.64,-2.50,0.48,18.83,-102.99,298.85,-14.72,47.07,27.63
222078,-0.60,-2.33,0.35,21.62,-97.66,263.21,-13.12,46.63,29.49
222088,-0.59,-2.14,0.26,27.88,-85.15,228.42,-11.75,46.49,30.75
222098,-0.57,-1.96,0.20,35.22,-70.95,197.81,-10.46,46.52,31.74
222108,-0.55,-1.78,0.16,42.57,-54.94,171.72,-9.22,46.74,32.57
222118,-0.53,-1.63,0.15,48.33,-40.63,151.01,-7.98,47.02,33.40
222128,-0.50,-1.48,0.16,52.89,-29.10,134.46,-6.73,47.28,34.24
222138,-0.45,-1.37,0.17,57.02,-20.86,121.67,-5.41,47.47,35.13
222148,-0.37,-1.28,0.18,59.89,-15.45,112.97,-4.02,47.58,36.16
222158,-0.29,-1.21,0.18,61.91,-12.13,106.46,-2.59,47.61,37.23
222168,-0.20,-1.17,0.17,63.14,-11.85,100.76,-1.20,47.51,38.28
222178,-0.12,-1.15,0.16,63.70,-12.52,95.23,0.10,47.34,39.26
222188,-0.03,-1.13,0.14,63.29,-13.60,87.66,1.20,47.13,39.99
222198,0.04,-1.12,0.12,62.36,-14.62,78.72,2.10,46.91,40.51
222208,0.11,-1.14,0.10,61.44,-16.48,67.01,2.73,46.64,40.69
222218,0.17,-1.16,0.08,60.67,-18.19,53.71,3.16,46.37,40.57
222228,0.22,-1.17,0.05,59.26,-18.86,36.84,3.23,46.16,40.01
222238,0.25,-1.18,0.03,57.54,-19.13,18.79,3.03,45.97,39.12
222248,0.24,-1.17,0.00,56.71,-18.51,-1.38,2.55,45.85,37.83
222258,0.21,-1.16,-0.03,56.22,-16.64,-20.15,1.96,45.80,36.34
222268,0.16,-1.14,-0.04,55.40,-12.50,-38.52,1.17,45.89,34.62
222278,0.10,-1.13,-0.05,54.99,-7.64,-56.55,0.21,46.04,32.66
222288,0.03,-1.13,-0.03,54.95,-1.93,-75.30,-0.97,46.25,30.37
222298,-0.03,-1.15,-0.00,54.49,3.18,-92.62,-2.31,46.45,27.90
222308,-0.10,-1.18,0.05,53.92,7.59,-109.35,-3.83,46.61,25.20
222318,-0.17,-1.24,0.11,53.25,11.23,-125.22,-5.50,46.71,22.31
222328,-0.24,-1.31,0.20,50.77,13.02,-142.58,-7.52,46.66,19.09
222338,-0.32,-1.40,0.28,45.58,12.28,-158.98,-9.79,46.40,15.72
222348,-0.42,-1.48,0.39,34.68,7.91,-176.32,-12.53,45.81,12.15
222358,-0.55,-1.57,0.50,21.91,1.04,-192.94,-15.46,44.91,8.55
222368,-0.71,-1.66,0.61,4.64,-9.12,-209.30,-18.68,43.62,4.97
222378,-0.89,-1.75,0.71,-13.27,-19.92,-223.86,-21.93,42.04,1.56
222388,-1.09,-1.82,0.79,-32.76,-31.51,-237.06,-25.23,40.18,358.35
222398,-1.30,-1.89,0.85,-50.47,-40.77,-249.06,-28.44,38.17,355.31
222408,-1.52,-1.95,0.89,-66.11,-45.29,-260.80,-31.62,36.12,352.29
222418,-1.72,-2.01,0.91,-77.52,-45.10,-273.08,-34.68,34.04,349.23
222428,-1.90,-2.08,0.93,-83.78,-39.92,-286.02,-37.55,31.95,346.06
222438,-2.07,-2.15,0.95,-82.91,-26.42,-302.30,-40.25,29.92,342.49
222448,-2.23,-2.21,0.97,-78.79,-10.04,-319.19,-42.75,27.84,338.72
222458,-2.41,-2.24,1.01,-72.96,9.09,-336.17,-45.07,25.74,334.77
222468,-2.57,-2.25,1.05,-66.74,27.02,-350.88,-47.16,23.57,330.85
222478,-2.72,-2.21,1.10,-58.99,43.47,-362.12,-48.93,21.38,327.01
222488,-2.85,-2.16,1.14,-51.28,56.78,-369.08,-50.41,19.18,323.38
222498,-2.94,-2.09,1.18,-42.88,67.34,-368.65,-51.55,17.13,320.05
222508,-2.98,-2.01,1.20,-34.82,75.82,-363.80,-52.44,15.21,316.94
222518,-2.98,-1.92,1.20,-27.48,82.07,-353.23,-53.12,13.50,314.12
222528,-2.95,-1.82,1.18,-22.14,86.56,-340.36,-53.71,11.91,311.49
222538,-2.88,-1.70,1.14,-18.66,88.88,-322.53,-54.20,10.57,309.18
222548,-2.78,-1.58,1.09,-16.24,90.44,-303.56,-54.64,9.40,307.03
222558,-2.63,-1.44,1.03,-14.61,91.47,-281.04,-55.01,8.50,305.13
222568,-2.46,-1.31,0.98,-13.35,91.78,-258.42,-55.32,7.77,303.39
222578,-2.24,-1.16,0.94,-12.33,90.07,-233.51,-55.56,7.24,301.94
222588,-2.00,-1.03,0.90,-11.22,86.93,-209.50,-55.75,6.82,300.68
222598,-1.72,-0.92,0.86,-10.23,82.44,-186.21,-55.89,6.50,299.62
222608,-1.45,-0.83,0.83,-8.27,78.70,-166.54,-55.93,6.19,298.60
222618,-1.17,-0.77,0.80,-3.85,74.63,-152.22,-55.81,5.73,297.59
222628,-0.93,-0.74,0.78,1.90,70.10,-142.50,-55.58,5.12,296.58
222638,-0.71,-0.74,0.74,8.99,64.24,-139.46,-55.27,4.19,295.52
222648,-0.54,-0.76,0.70,15.04,57.95,-141.42,-54.96,3.04,294.39
222658,-0.40,-0.80,0.66,17.97,50.23,-150.22,-54.78,1.55,293.16
222668,-0.30,-0.84,0.61,18.33,41.95,-162.84,-54.68,-0.19,291.86
222678,-0.26,-0.85,0.55,17.06,33.60,-181.80,-54.62,-2.26,290.36
222688,-0.26,-0.84,0.49,15.28,26.80,-202.10,-54.51,-4.49,288.73
222698,-0.31,-0.81,0.44,13.96,22.52,-224.68,-54.28,-6.91,286.84
222708,-0.37,-0.76,0.38,14.39,20.79,-246.30,-53.85,-9.41,284.76
222718,-0.45,-0.69,0.34,18.73,23.12,-266.92,-53.07,-11.92,282.38
222728,-0.52,-0.62,0.31,24.76,27.16,-284.24,-52.00,-14.35,279.82
222738,-0.57,-0.55,0.30,32.38,32.14,-297.58,-50.65,-16.67,277.13
222748,-0.62,-0.47,0.29,40.02,35.76,-307.18,-49.09,-18.89,274.38
222758,-0.65,-0.40,0.29,47.67,36.98,-312.34,-47.37,-21.01,271.68
222768,-0.67,-0.33,0.29,54.45,36.59,-314.51,-45.53,-23.02,269.00
222778,-0.69,-0.27,0.29,60.64,35.05,-314.40,-43.57,-24.93,266.32
222788,-0.70,-0.21,0.28,67.71,31.81,-311.14,-41.46,-26.72,263.73
222798,-0.71,-0.16,0.27,74.69,28.57,-306.28,-39.22,-28.38,261.14
222808,-0.72,-0.10,0.24,82.28,25.58,-298.55,-36.85,-29.85,258.62
222818,-0.72,-0.05,0.22,88.91,22.81,-289.87,-34.40,-31.16,256.12
222828,-0.71,-0.01,0.20,93.98,19.38,-278.71,-32.00,-32.33,253.77
222838,-0.69,0.03,0.18,97.87,15.23,-267.27,-29.60,-33.40,251.49
222848,-0.67,0.06,0.17,99.36,10.15,-254.34,-27.35,-34.39,249.39
222858,-0.64,0.08,0.15,99.04,4.67,-241.75,-25.19,-35.32,247.37
222868,-0.61,0.10,0.15,96.75,-2.01,-229.04,-23.19,-36.24,245.49
222878,-0.58,0.10,0.15,94.05,-8.92,-217.13,-21.25,-37.15,243.68
222888,-0.55,0.10,0.14,90.39,-17.01,-205.43,-19.44,-38.09,242.00
222898,-0.52,0.11,0.14,86.78,-25.05,-194.76,-17.68,-39.04,240.36
222908,-0.51,0.11,0.12,83.39,-32.70,-184.74,-15.95,-40.00,238.78
222918,-0.50,0.12,0.10,80.82,-38.65,-175.98,-14.19,-40.90,237.19
222928,-0.50,0.12,0.08,80.36,-42.32,-167.39,-12.35,-41.70,235.61
222938,-0.51,0.13,0.06,81.50,-43.67,-159.18,-10.42,-42.37,234.05
222948,-0.51,0.14,0.06,86.03,-41.84,-151.13,-8.31,-42.83,232.51
222958,-0.51,0.14,0.05,92.40,-38.79,-144.05,-6.06,-43.18,230.96
222968,-0.51,0.14,0.05,99.93,-34.14,-135.29,-3.80,-43.35,229.59
222978,-0.49,0.13,0.06,107.09,-29.62,-125.69,-1.60,-43.43,228.38
222988,-0.46,0.11,0.09,114.51,-25.84,-114.93,0.54,-43.47,227.38
222998,-0.42,0.10,0.11,121.87,-23.25,-104.70,2.68,-43.50,226.49
223008,-0.38,0.09,0.15,127.96,-20.82,-93.38,4.68,-43.49,225.80
223018,-0.34,0.08,0.19,133.10,-17.32,-81.47,6.54,-43.41,225.34
223028,-0.28,0.07,0.22,143.13,-10.73,-68.82,8.53,-43.14,225.12
223038,-0.24,0.04,0.26,156.88,-0.97,-58.38,10.69,-42.65,225.02
223048,-0.17,0.02,0.33,175.51,14.07,-50.04,13.14,-41.82,225.05
223058,-0.11,0.02,0.39,192.17,27.46,-42.59,15.62,-40.91,225.18
223068,-0.08,0.09,0.43,198.84,35.14,-31.33,17.65,-40.23,225.57
223078,-0.08,0.18,0.45,194.81,37.57,-13.90,18.94,-39.87,226.41
223088,-0.13,0.26,0.46,175.42,36.51,15.67,18.84,-39.91,228.15
223098,-0.19,0.31,0.45,150.63,35.35,50.87,17.81,-40.14,230.62
223108,-0.26,0.30,0.44,119.50,35.53,93.42,15.54,-40.46,234.05
223118,-0.24,0.15,0.55,72.30,38.76,148.87,11.10,-40.75,239.01
223128,-0.16,-0.08,0.75,24.21,42.56,201.06,5.74,-40.72,244.55
223138,0.02,-0.38,1.04,-21.58,42.78,245.37,-0.07,-40.45,250.21
223148,0.24,-0.67,1.32,-57.02,40.70,277.43,-5.59,-39.89,255.58
223158,0.46,-0.88,1.55,-76.50,35.75,293.67,-10.18,-39.19,260.24
223168,0.61,-1.02,1.71,-82.88,30.77,299.88,-13.92,-38.34,264.35
223178,0.69,-1.10,1.76,-70.97,33.77,296.42,-16.29,-37.10,267.72
223188,0.75,-1.15,1.77,-48.92,45.49,288.48,-17.62,-35.41,270.51
223198,0.80,-1.19,1.80,-16.15,69.51,275.58,-17.69,-33.08,272.55
223208,0.87,-1.21,1.86,16.81,94.45,263.61,-17.24,-30.53,274.35
223218,0.98,-1.19,1.93,48.64,119.37,250.67,-16.32,-27.86,275.87
223228,1.09,-1.15,1.99,73.71,139.91,238.05,-15.28,-25.27,277.25
223238,1.18,-1.08,2.02,90.56,151.85,225.78,-14.29,-22.98,278.59
223248,1.24,-1.00,1.99,101.77,155.32,214.09,-13.34,-21.04,279.91
223258,1.25,-0.89,1.90,107.95,149.05,201.33,-12.48,-19.60,281.18
223268,1.25,-0.80,1.78,113.01,141.31,188.33,-11.55,-18.35,282.36
223278,1.24,-0.73,1.64,118.45,134.54,170.93,-10.43,-17.20,283.20
223288,1.22,-0.66,1.52,124.90,131.17,151.94,-9.11,-16.02,283.78
223298,1.20,-0.59,1.43,136.95,132.26,129.22,-7.33,-14.72,283.97
223308,1.16,-0.50,1.35,151.65,135.53,107.09,-5.23,-13.34,283.99
223318,1.10,-0.40,1.27,167.96,139.53,87.24,-2.88,-11.89,283.95
223328,1.04,-0.32,1.18,180.83,142.24,71.36,-0.56,-10.47,283.98
223338,0.98,-0.27,1.11,186.68,143.55,58.98,1.51,-9.10,284.09
223348,0.92,-0.24,1.07,187.81,142.62,49.36,3.38,-7.83,284.26
223358,0.89,-0.21,1.04,181.64,138.17,42.77,4.89,-6.75,284.52
223368,0.86,-0.18,1.03,171.24,132.00,38.28,6.13,-5.81,284.83
223378,0.82,-0.15,1.03,160.37,121.19,35.59,7.24,-5.18,285.17
223388,0.76,-0.13,1.02,152.41,108.89,33.30,8.38,-4.73,285.49
223398,0.70,-0.09,1.00,146.81,98.27,29.83,9.57,-4.31,285.74
223408,0.65,-0.06,0.99,143.01,89.43,27.05,10.80,-3.92,285.99
223418,0.59,-0.04,0.97,142.10,80.94,24.54,12.14,-3.59,286.23
223428,0.53,-0.02,0.93,140.56,74.34,22.18,13.42,-3.26,286.46
223438,0.48,0.00,0.92,134.55,70.33,20.43,14.45,-2.86,286.73
223448,0.43,0.01,0.93,126.58,67.08,19.02,15.30,-2.45,287.00
223458,0.39,0.01,0.96,117.18,64.30,17.56,15.99,-2.04,287.26
223468,0.35,0.01,1.02,106.96,59.30,16.48,16.55,-1.74,287.49
223478,0.31,0.01,1.08,97.35,52.21,16.71,17.03,-1.60,287.73
223488,0.28,0.02,1.11,90.50,41.06,17.57,17.55,-1.73,287.92
223498,0.25,0.02,1.11,86.63,29.64,17.87,18.15,-1.98,288.06
223508,0.24,0.01,1.09,85.92,19.50,16.15,18.88,-2.26,288.08
223518,0.23,0.00,1.07,85.45,10.52,13.03,19.62,-2.55,288.01
223528,0.21,-0.01,1.04,83.35,1.64,9.73,20.27,-2.88,287.86
223538,0.20,-0.02,1.01,79.31,-6.23,6.77,20.81,-3.25,287.69
223548,0.20,-0.03,0.98,73.16,-12.60,3.27,21.21,-3.61,287.46
223558,0.20,-0.02,0.95,67.57,-17.53,-0.79,21.58,-3.94,287.17
223568,0.18,-0.00,0.92,61.58,-20.58,-5.52,21.88,-4.18,286.82
223578,0.16,0.03,0.89,55.63,-21.28,-9.91,22.12,-4.33,286.49
223588,0.15,0.08,0.87,49.78,-19.71,-13.84,22.30,-4.37,286.17
223598,0.13,0.13,0.86,47.11,-17.74,-17.58,22.60,-4.27,285.84
223608,0.11,0.16,0.84,48.39,-14.60,-21.82,23.08,-4.06,285.48
223618,0.10,0.16,0.83,50.57,-10.93,-25.61,23.60,-3.87,285.12
223628,0.10,0.17,0.84,53.85,-7.04,-30.11,24.19,-3.63,284.72
223638,0.09,0.18,0.85,55.75,-4.94,-34.80,24.75,-3.38,284.26
223648,0.07,0.22,0.86,54.95,-5.93,-37.86,25.22,-3.17,283.76
223658,0.05,0.25,0.86,53.69,-8.20,-39.58,25.72,-3.02,283.27
223668,0.01,0.27,0.86,49.24,-11.44,-38.57,26.02,-2.98,282.85
223678,-0.00,0.29,0.87,41.83,-15.56,-35.19,26.09,-3.09,282.52
223688,-0.00,0.31,0.91,34.55,-22.72,-30.99,26.07,-3.43,282.17
223698,-0.01,0.33,0.93,32.32,-27.77,-28.46,26.26,-3.71,281.80
223708,-0.02,0.35,0.92,37.55,-27.47,-28.76,26.85,-3.69,281.42
223718,-0.04,0.36,0.89,43.31,-25.81,-29.38,27.55,-3.61,281.04
223728,-0.06,0.37,0.85,46.17,-23.76,-28.32,28.17,-3.52,280.76
223738,-0.08,0.37,0.81,48.36,-20.74,-26.40,28.77,-3.39,280.55
223748,-0.09,0.36,0.78,48.55,-15.09,-23.68,29.24,-3.16,280.48
223758,-0.09,0.35,0.77,46.51,-9.06,-21.02,29.56,-2.88,280.46
223768,-0.08,0.37,0.79,42.88,-5.49,-19.13,29.80,-2.65,280.41
223778,-0.07,0.39,0.81,39.95,-4.89,-18.06,30.07,-2.49,280.28
223788,-0.08,0.43,0.81,37.03,-8.02,-16.60,30.38,-2.51,280.08
223798,-0.09,0.46,0.81,34.93,-12.13,-14.63,30.72,-2.63,279.87
223808,-0.09,0.48,0.79,35.26,-15.71,-13.16,31.16,-2.76,279.65
223818,-0.10,0.49,0.75,36.84,-18.01,-11.33,31.67,-2.88,279.48
223828,-0.10,0.48,0.71,37.19,-18.39,-9.18,32.13,-2.97,279.36
223838,-0.10,0.47,0.67,35.54,-14.90,-7.21,32.48,-2.88,279.36
223848,-0.09,0.46,0.65,32.81,-10.23,-5.31,32.75,-2.73,279.42
223858,-0.08,0.46,0.66,29.91,-4.01,-4.57,32.92,-2.43,279.52
223868,-0.08,0.47,0.70,28.25,1.93,-4.45,33.10,-2.08,279.63
223878,-0.09,0.49,0.74,27.35,5.72,-4.16,33.31,-1.78,279.72
223888,-0.09,0.50,0.78,26.64,7.30,-3.47,33.51,-1.56,279.79
223898,-0.09,0.51,0.81,25.89,5.77,-2.03,33.69,-1.48,279.82
223908,-0.09,0.51,0.82,24.65,3.73,-0.76,33.83,-1.45,279.83
223918,-0.08,0.50,0.81,23.18,1.36,-0.12,33.97,-1.42,279.81
223928,-0.07,0.51,0.80,21.01,-0.58,0.22,34.10,-1.38,279.78
223938,-0.11,0.54,0.76,17.99,0.65,0.24,34.22,-1.25,279.81
223948,-0.07,0.57,0.81,15.15,4.53,2.84,34.31,-1.26,280.03
223958,-0.08,0.57,0.80,14.96,1.64,5.07,34.48,-1.31,280.09
223968,-0.12,0.57,0.71,11.43,9.16,9.78,34.52,-1.07,280.55
223978,-0.09,0.58,0.74,10.59,15.22,11.57,34.53,-0.76,280.93
223988,-0.07,0.56,0.74,9.54,20.74,12.91,34.49,-0.56,281.32
223998,-0.05,0.53,0.76,6.40,22.14,12.53,34.33,-0.42,281.57
224008,-0.02,0.52,0.78,3.47,21.35,11.27,34.16,-0.35,281.72
224018,-0.01,0.52,0.81,2.66,16.17,9.87,34.06,-0.46,281.73
224028,-0.01,0.53,0.83,2.98,9.21,9.20,34.00,-0.66,281.68
224038,-0.00,0.53,0.83,4.72,1.29,9.24,34.02,-0.98,281.59
224048,-0.00,0.53,0.83,6.89,-5.22,9.38,34.08,-1.26,281.50
224058,0.00,0.53,0.83,8.11,-9.81,9.80,34.12,-1.54,281.44
224068,0.00,0.52,0.84,8.82,-12.84,10.11,34.14,-1.79,281.40
224078,0.01,0.52,0.85,8.64,-14.41,10.25,34.12,-2.01,281.37
224088,0.01,0.54,0.86,8.41,-14.78,10.08,34.11,-2.14,281.36
224098,0.02,0.55,0.87,8.11,-13.80,9.65,34.09,-2.21,281.38
224108,0.03,0.55,0.87,7.81,-13.74,9.31,34.15,-2.48,281.37
224118,0.03,0.56,0.86,8.32,-12.71,8.89,34.26,-2.71,281.38
224128,0.03,0.56,0.85,9.18,-11.24,8.60,34.48,-2.81,281.41
224138,0.03,0.56,0.83,9.35,-7.64,8.94,34.67,-2.75,281.52
224148,0.04,0.55,0.82,8.87,-3.02,9.47,34.63,-2.73,281.71
224158,0.04,0.54,0.80,8.05,2.15,9.78,34.58,-2.65,281.94
224168,0.05,0.55,0.81,7.29,10.02,9.53,34.64,-2.47,282.24
224178,0.01,0.66,0.64,28.59,-3.08,5.22,35.90,-2.84,281.82
224188,0.01,0.60,0.66,43.45,-2.06,5.54,36.83,-2.84,281.89
224198,0.03,0.59,0.70,49.96,-4.23,5.15,37.50,-3.02,281.85
224208,0.02,0.59,0.75,44.83,-5.36,5.53,37.68,-3.06,281.84
224218,0.02,0.59,0.79,35.97,-7.30,6.52,37.59,-3.21,281.84
224228,0.01,0.58,0.82,23.27,-10.03,8.07,37.22,-3.44,281.83
224238,0.02,0.58,0.84,9.63,-11.49,9.71,36.68,-3.63,281.86
224248,0.01,0.59,0.84,-4.64,-8.76,10.79,36.05,-3.59,282.00
224258,0.01,0.61,0.81,-14.67,-5.42,9.95,35.59,-3.52,282.09
224268,0.03,0.58,0.77,-12.59,0.12,7.97,35.54,-3.46,282.22
224278,0.05,0.55,0.76,-8.66,5.33,5.41,35.53,-3.29,282.34
