9654,0.57,0.80,-0.02,3.60,-9.11,-3.33,91.45,-35.43,84.51
9664,0.58,0.80,-0.03,3.43,-7.48,-3.39,91.57,-35.44,84.44
9674,0.58,0.80,-0.03,3.00,-6.24,-3.36,91.69,-35.40,84.37
9684,0.58,0.80,-0.03,2.58,-5.46,-3.21,91.82,-35.38,84.28
9694,0.58,0.81,-0.03,2.26,-5.23,-2.63,91.83,-35.48,84.25
9704,0.58,0.80,-0.03,2.24,-5.17,-2.16,91.91,-35.59,84.17
9714,0.59,0.80,-0.03,2.39,-4.63,-2.01,92.02,-35.66,84.11
9724,0.59,0.79,-0.04,2.42,-3.75,-2.10,92.10,-35.74,84.07
9734,0.59,0.79,-0.03,2.50,-2.72,-2.26,92.09,-35.81,84.11
9744,0.59,0.79,-0.03,2.62,-1.66,-2.28,92.02,-35.86,84.19
9754,0.59,0.79,-0.03,2.70,-1.00,-2.26,91.96,-35.91,84.26
9764,0.59,0.79,-0.03,2.82,-0.97,-2.54,92.06,-35.97,84.21
9774,0.59,0.79,-0.03,3.09,-1.30,-2.91,92.22,-35.93,84.12
9784,0.59,0.80,-0.03,3.12,-1.70,-3.23,92.24,-35.99,84.10
9794,0.59,0.80,-0.03,3.15,-2.51,-3.59,92.41,-35.98,83.98
9804,0.59,0.80,-0.03,3.18,-3.47,-3.86,92.50,-35.82,83.89
9814,0.58,0.80,-0.04,2.99,-5.04,-4.08,92.69,-35.70,83.70
9824,0.58,0.81,-0.05,2.36,-6.48,-4.35,92.87,-35.62,83.50
9834,0.58,0.81,-0.05,1.10,-7.75,-5.06,93.02,-35.56,83.29
9844,0.59,0.81,-0.05,0.00,-9.10,-5.80,93.06,-35.58,83.12
9854,0.59,0.81,-0.05,-1.23,-10.64,-6.72,93.16,-35.57,82.90
9864,0.59,0.81,-0.04,-2.08,-12.11,-7.39,93.13,-35.48,82.74
9874,0.59,0.82,-0.04,-2.37,-13.51,-7.65,93.30,-35.30,82.47
9884,0.59,0.82,-0.05,-2.30,-14.79,-7.53,93.51,-35.23,82.18
9894,0.59,0.82,-0.05,-1.90,-15.48,-7.32,93.57,-35.25,81.99
9904,0.59,0.82,-0.05,-1.23,-15.60,-7.18,93.64,-35.26,81.84
9914,0.60,0.82,-0.05,-0.47,-15.13,-7.33,93.81,-35.27,81.65
9924,0.60,0.82,-0.05,0.27,-14.49,-7.41,93.91,-35.29,81.52
9934,0.61,0.82,-0.05,0.97,-14.33,-7.53,94.00,-35.31,81.38
9944,0.62,0.81,-0.05,1.77,-14.37,-8.22,94.16,-35.30,81.21
9954,0.62,0.81,-0.05,2.81,-14.14,-9.32,94.31,-35.27,81.06
9964,0.63,0.80,-0.05,3.75,-13.70,-10.72,94.47,-35.21,80.92
9974,0.63,0.80,-0.05,4.44,-13.34,-12.08,94.61,-35.14,80.80
9984,0.63,0.81,-0.06,4.76,-13.32,-13.31,94.77,-35.06,80.64
9994,0.63,0.81,-0.06,4.51,-13.52,-14.40,94.94,-34.97,80.46
10004,0.63,0.81,-0.06,3.84,-14.08,-15.62,95.02,-34.86,80.30
10014,0.63,0.81,-0.06,3.29,-14.78,-16.69,95.07,-34.71,80.15
10024,0.63,0.81,-0.05,3.28,-15.59,-18.20,95.16,-34.54,79.98
10034,0.64,0.81,-0.05,3.52,-16.26,-19.66,95.26,-34.35,79.82
10044,0.64,0.81,-0.04,3.67,-16.93,-20.94,95.35,-34.15,79.65
10054,0.63,0.81,-0.04,3.89,-17.83,-22.13,95.47,-33.95,79.46
10064,0.64,0.80,-0.03,4.18,-18.46,-23.43,95.58,-33.73,79.27
10074,0.64,0.79,-0.03,4.84,-18.87,-24.95,95.71,-33.48,79.10
10084,0.65,0.78,-0.02,5.96,-18.71,-27.09,95.86,-33.20,78.95
10094,0.65,0.78,-0.02,7.13,-18.45,-29.33,96.00,-32.88,78.83
10104,0.65,0.78,-0.01,8.51,-18.26,-31.48,96.17,-32.54,78.70
10114,0.64,0.77,-0.01,9.80,-18.50,-33.56,96.35,-32.19,78.56
10124,0.63,0.77,-0.01,10.81,-19.65,-35.94,96.55,-31.78,78.37
10134,0.63,0.77,-0.01,11.76,-21.19,-37.99,96.78,-31.38,78.14
10144,0.62,0.77,-0.02,12.54,-23.20,-40.36,97.03,-30.92,77.88
10154,0.61,0.77,-0.02,13.04,-25.35,-42.69,97.29,-30.45,77.60
10164,0.59,0.76,-0.03,12.93,-27.87,-45.32,97.54,-29.94,77.27
10174,0.58,0.76,-0.03,12.87,-30.12,-47.78,97.78,-29.39,76.94
10184,0.57,0.76,-0.03,13.03,-32.24,-50.37,98.03,-28.80,76.61
10194,0.55,0.77,-0.04,13.54,-34.30,-52.82,98.28,-28.18,76.27
10204,0.53,0.77,-0.04,14.33,-36.36,-55.07,98.56,-27.51,75.91
10214,0.51,0.78,-0.05,15.04,-38.21,-57.05,98.83,-26.83,75.56
10224,0.49,0.78,-0.06,15.95,-39.98,-58.80,99.12,-26.13,75.19
10234,0.48,0.79,-0.07,16.96,-41.48,-60.38,99.42,-25.41,74.83
10244,0.46,0.79,-0.08,17.90,-42.74,-62.05,99.71,-24.65,74.47
10254,0.44,0.79,-0.09,18.89,-43.63,-63.71,100.03,-23.80,74.12
10264,0.42,0.80,-0.10,19.80,-44.43,-65.19,100.37,-22.91,73.77
10274,0.40,0.80,-0.11,20.16,-45.46,-66.83,100.72,-21.98,73.39
10284,0.38,0.81,-0.12,20.29,-46.64,-68.37,101.05,-21.04,73.01
10294,0.36,0.82,-0.12,20.37,-47.70,-69.88,101.35,-20.10,72.64
10304,0.34,0.82,-0.13,20.39,-48.90,-71.16,101.65,-19.14,72.25
10314,0.32,0.83,-0.14,20.47,-49.84,-72.33,101.96,-18.16,71.87
10324,0.30,0.84,-0.14,20.52,-50.78,-73.27,102.27,-17.18,71.49
10334,0.28,0.85,-0.15,20.70,-51.61,-74.18,102.56,-16.20,71.11
10344,0.25,0.86,-0.15,20.96,-52.35,-74.82,102.85,-15.22,70.74
10354,0.23,0.86,-0.16,21.34,-53.04,-75.30,103.18,-14.22,70.36
10364,0.20,0.87,-0.17,21.77,-53.71,-75.50,103.50,-13.24,69.97
10374,0.19,0.88,-0.18,22.16,-54.11,-75.52,103.80,-12.26,69.61
10384,0.17,0.88,-0.18,22.57,-54.07,-75.79,104.10,-11.27,69.26
10394,0.15,0.88,-0.19,22.91,-53.95,-76.52,104.40,-10.25,68.94
10404,0.13,0.89,-0.20,23.39,-53.83,-77.50,104.70,-9.22,68.62
10414,0.10,0.89,-0.20,23.88,-53.77,-78.21,105.00,-8.18,68.31
10424,0.09,0.90,-0.21,24.35,-53.43,-78.18,105.28,-7.18,68.01
10434,0.07,0.91,-0.21,25.38,-52.49,-77.63,105.59,-6.22,67.74
10444,0.05,0.91,-0.22,26.63,-51.59,-76.96,105.92,-5.26,67.48
10454,0.04,0.92,-0.23,28.43,-50.54,-76.30,106.30,-4.31,67.24
10464,0.03,0.92,-0.24,30.51,-49.26,-75.69,106.70,-3.36,67.03
10474,0.02,0.92,-0.25,33.01,-47.94,-74.99,107.17,-2.44,66.83
10484,0.01,0.91,-0.26,35.38,-46.87,-74.52,107.66,-1.51,66.64
10494,-0.01,0.91,-0.28,37.46,-46.02,-74.22,108.18,-0.61,66.46
10504,-0.02,0.91,-0.30,38.98,-45.38,-73.94,108.70,0.29,66.28
10514,-0.04,0.91,-0.32,39.80,-44.85,-73.99,109.19,1.21,66.12
10524,-0.07,0.91,-0.35,39.90,-44.83,-74.17,109.66,2.14,65.95
10534,-0.10,0.92,-0.37,38.85,-45.38,-74.46,110.05,3.11,65.76
10544,-0.14,0.93,-0.39,37.44,-46.28,-74.55,110.41,4.08,65.55
10554,-0.18,0.93,-0.42,35.75,-47.01,-74.32,110.74,5.04,65.35
10564,-0.23,0.95,-0.44,33.63,-47.24,-73.39,111.02,5.96,65.15
10574,-0.28,0.96,-0.46,31.23,-46.47,-70.94,111.26,6.79,64.97
10584,-0.32,0.97,-0.48,28.83,-44.96,-67.97,111.48,7.56,64.81
10594,-0.36,0.98,-0.50,26.71,-42.20,-63.86,111.69,8.22,64.70
10604,-0.40,0.99,-0.52,24.81,-39.06,-59.54,111.89,8.82,64.62
10614,-0.43,1.00,-0.53,22.79,-35.70,-54.59,112.07,9.33,64.55
10624,-0.47,1.00,-0.54,19.75,-32.27,-47.75,112.18,9.69,64.46
10634,-0.49,1.01,-0.55,16.19,-29.70,-40.41,112.22,9.97,64.33
10644,-0.51,1.01,-0.55,12.01,-28.04,-32.52,112.17,10.17,64.14
10654,-0.52,1.01,-0.55,7.87,-27.05,-24.94,112.08,10.32,63.91
10664,-0.52,1.00,-0.55,3.71,-26.86,-17.22,111.94,10.40,63.61
10674,-0.52,1.00,-0.54,-0.12,-26.76,-9.98,111.77,10.42,63.30
10684,-0.52,0.99,-0.53,-3.89,-27.04,-2.86,111.55,10.40,62.95
10694,-0.52,0.99,-0.52,-7.36,-27.25,3.76,111.30,10.33,62.57
10704,-0.52,0.99,-0.51,-10.44,-27.47,10.24,111.03,10.21,62.18
10714,-0.52,0.99,-0.51,-13.26,-27.37,16.52,110.74,10.02,61.77
10724,-0.52,0.99,-0.49,-15.71,-26.67,23.25,110.44,9.75,61.37
10734,-0.53,0.99,-0.48,-17.83,-25.68,29.93,110.12,9.41,60.97
10744,-0.52,0.99,-0.46,-19.55,-24.17,37.21,109.80,8.96,60.57
10754,-0.51,0.98,-0.44,-20.82,-22.45,44.22,109.49,8.44,60.17
10764,-0.50,0.98,-0.42,-21.25,-19.86,51.45,109.21,7.83,59.81
10774,-0.48,0.97,-0.40,-21.36,-16.86,58.07,108.95,7.16,59.49
10784,-0.45,0.96,-0.39,-20.97,-13.00,64.47,108.73,6.41,59.22
10794,-0.43,0.95,-0.38,-20.72,-9.12,70.05,108.53,5.63,58.99
10804,-0.40,0.94,-0.36,-20.62,-5.55,75.37,108.31,4.80,58.76
10814,-0.37,0.93,-0.35,-20.73,-2.66,80.16,108.08,3.94,58.54
10824,-0.34,0.92,-0.33,-20.83,-0.11,84.54,107.84,3.05,58.31
10834,-0.31,0.91,-0.32,-20.78,1.77,88.24,107.61,2.15,58.09
10844,-0.29,0.91,-0.30,-20.57,3.16,91.68,107.38,1.22,57.85
10854,-0.26,0.90,-0.29,-20.13,3.71,94.99,107.16,0.27,57.59
10864,-0.23,0.89,-0.28,-19.47,3.46,98.24,106.96,-0.70,57.28
10874,-0.21,0.89,-0.27,-18.82,3.05,101.17,106.78,-1.67,56.97
10884,-0.18,0.87,-0.27,-18.00,2.88,104.19,106.65,-2.68,56.66
10894,-0.15,0.86,-0.26,-17.20,3.05,106.60,106.52,-3.69,56.36
10904,-0.12,0.86,-0.26,-16.26,3.73,108.82,106.42,-4.72,56.09
10914,-0.09,0.85,-0.25,-15.35,4.58,110.74,106.31,-5.77,55.83
10924,-0.07,0.85,-0.25,-14.42,5.24,112.86,106.19,-6.86,55.57
10934,-0.04,0.84,-0.25,-13.46,5.67,114.88,106.18,-7.96,55.29
10944,-0.01,0.83,-0.25,-12.23,6.10,116.98,106.22,-9.15,55.00
10954,0.02,0.81,-0.25,-10.87,6.99,119.08,106.29,-10.46,54.73
10964,0.05,0.81,-0.25,-9.41,8.24,121.06,106.38,-11.76,54.47
10974,0.08,0.79,-0.25,-8.06,9.65,122.79,106.47,-13.13,54.24
10984,0.12,0.79,-0.26,-6.93,10.66,124.27,106.56,-14.51,53.99
10994,0.16,0.78,-0.26,-5.83,10.81,125.32,106.65,-15.89,53.71
11004,0.19,0.77,-0.26,-4.87,10.39,125.83,106.78,-17.24,53.40
11014,0.23,0.75,-0.27,-4.69,8.92,126.02,106.91,-18.55,53.02
11024,0.26,0.74,-0.28,-4.94,6.87,125.97,107.06,-19.83,52.60
11034,0.30,0.73,-0.29,-6.14,4.65,125.57,107.17,-21.09,52.14
11044,0.33,0.73,-0.29,-7.22,2.67,125.32,107.27,-22.36,51.67
11054,0.37,0.71,-0.29,-7.98,0.96,125.10,107.38,-23.64,51.19
11064,0.42,0.70,-0.29,-8.38,0.04,124.72,107.50,-24.91,50.73
11074,0.48,0.68,-0.29,-8.30,0.71,123.71,107.61,-26.17,50.36
11084,0.54,0.67,-0.29,-7.62,2.46,122.10,107.72,-27.42,50.05
11094,0.61,0.65,-0.29,-6.54,5.55,119.09,107.81,-28.60,49.86
11104,0.66,0.64,-0.30,-5.61,9.01,115.13,107.87,-29.72,49.75
11114,0.71,0.64,-0.30,-5.72,12.36,109.85,107.85,-30.76,49.70
11124,0.75,0.63,-0.30,-6.68,14.78,104.74,107.79,-31.74,49.66
11134,0.80,0.61,-0.29,-8.36,16.82,99.49,107.66,-32.68,49.65
11144,0.85,0.60,-0.28,-9.60,19.23,94.27,107.49,-33.57,49.71
11154,0.90,0.59,-0.26,-9.43,23.04,87.89,107.29,-34.38,49.92
11164,0.95,0.58,-0.25,-8.46,27.51,81.39,107.06,-35.15,50.25
11174,0.98,0.57,-0.24,-6.88,32.96,73.88,106.78,-35.84,50.73
11184,1.02,0.55,-0.23,-5.55,38.24,66.29,106.45,-36.46,51.30
11194,1.06,0.54,-0.21,-5.14,43.01,58.15,106.02,-36.98,51.96
11204,1.10,0.52,-0.19,-4.90,46.43,49.75,105.57,-37.40,52.63
11214,1.12,0.51,-0.17,-4.48,47.31,39.63,105.16,-37.62,53.26
11224,1.14,0.51,-0.15,-3.81,46.88,29.28,104.77,-37.72,53.86
11234,1.15,0.52,-0.13,-3.15,43.87,18.19,104.46,-37.65,54.34
11244,1.14,0.52,-0.13,-2.89,39.35,7.83,104.21,-37.48,54.71
11254,1.13,0.53,-0.12,-3.12,32.91,-2.17,104.03,-37.19,54.93
11264,1.11,0.54,-0.12,-3.52,26.87,-11.62,103.85,-36.82,55.12
11274,1.09,0.55,-0.11,-3.82,21.76,-20.72,103.68,-36.37,55.32
11284,1.07,0.56,-0.10,-3.63,17.97,-28.76,103.51,-35.88,55.54
11294,1.04,0.57,-0.10,-2.34,16.06,-36.53,103.34,-35.34,55.84
11304,1.02,0.58,-0.09,-0.41,15.19,-43.96,103.20,-34.75,56.20
11314,0.99,0.59,-0.09,1.96,14.66,-51.12,103.08,-34.10,56.58
11324,0.96,0.60,-0.09,4.65,13.58,-58.44,103.03,-33.37,56.94
11334,0.92,0.61,-0.10,6.76,12.00,-64.95,103.00,-32.61,57.25
11344,0.88,0.61,-0.11,8.21,9.83,-71.36,102.99,-31.77,57.53
11354,0.85,0.62,-0.11,9.03,7.51,-76.95,102.98,-30.91,57.77
11364,0.81,0.63,-0.12,10.24,5.44,-82.16,103.00,-30.01,58.02
11374,0.77,0.63,-0.12,11.22,3.48,-87.25,103.04,-29.06,58.25
11384,0.73,0.64,-0.13,12.08,2.19,-92.38,103.07,-28.07,58.50
11394,0.70,0.64,-0.14,12.72,1.21,-97.00,103.11,-27.05,58.76
11404,0.65,0.65,-0.14,13.30,0.09,-101.52,103.15,-25.99,59.02
11414,0.61,0.66,-0.15,13.93,-1.40,-105.48,103.22,-24.90,59.25
11424,0.56,0.67,-0.15,14.47,-3.93,-109.35,103.30,-23.77,59.42
11434,0.52,0.68,-0.16,14.74,-6.53,-112.28,103.47,-22.61,59.53
11444,0.47,0.69,-0.16,14.84,-9.40,-114.89,103.63,-21.24,59.61
11454,0.42,0.70,-0.17,14.73,-12.12,-117.02,103.77,-19.86,59.68
11464,0.38,0.71,-0.17,14.30,-14.31,-118.63,103.89,-18.48,59.75
11474,0.34,0.72,-0.18,13.72,-15.93,-119.93,104.00,-17.10,59.83
11484,0.29,0.73,-0.18,13.25,-16.55,-121.21,104.08,-15.71,59.96
11494,0.25,0.74,-0.18,12.94,-16.66,-122.24,104.15,-14.33,60.11
11504,0.21,0.75,-0.19,12.78,-16.20,-122.63,104.24,-12.98,60.28
11514,0.17,0.77,-0.19,12.70,-15.35,-123.07,104.32,-11.63,60.47
11524,0.13,0.78,-0.19,13.20,-14.43,-123.09,104.42,-10.29,60.68
11534,0.10,0.79,-0.19,13.68,-14.29,-122.71,104.54,-8.97,60.85
11544,0.06,0.81,-0.20,14.04,-14.73,-121.28,104.68,-7.70,60.99
11554,0.04,0.81,-0.21,14.27,-15.37,-119.63,104.82,-6.45,61.10
11564,0.01,0.82,-0.21,14.53,-16.04,-117.79,104.97,-5.22,61.20
11574,-0.02,0.83,-0.22,14.91,-16.47,-116.18,105.13,-4.00,61.31
11584,-0.04,0.84,-0.22,15.25,-16.44,-114.43,105.30,-2.80,61.44
11594,-0.06,0.84,-0.23,15.35,-15.81,-112.51,105.46,-1.64,61.59
11604,-0.08,0.85,-0.24,15.43,-14.30,-110.20,105.63,-0.53,61.78
11614,-0.10,0.87,-0.24,15.59,-12.34,-108.06,105.79,0.55,62.01
11624,-0.12,0.87,-0.24,16.21,-10.06,-105.81,105.98,1.60,62.26
11634,-0.13,0.88,-0.24,17.01,-7.76,-103.33,106.18,2.60,62.53
11644,-0.14,0.89,-0.24,18.12,-5.36,-100.01,106.41,3.53,62.82
11654,-0.15,0.89,-0.24,19.47,-2.76,-96.86,106.65,4.43,63.13
11664,-0.15,0.89,-0.25,21.08,0.36,-94.03,106.96,5.29,63.49
11674,-0.15,0.89,-0.25,23.22,4.09,-91.85,107.30,6.14,63.92
11684,-0.15,0.89,-0.25,25.13,7.67,-90.27,107.68,6.99,64.39
11694,-0.16,0.89,-0.26,26.84,10.02,-89.60,108.09,7.88,64.84
11704,-0.19,0.89,-0.27,28.35,11.19,-89.48,108.51,8.78,65.28
11714,-0.22,0.90,-0.29,29.47,10.01,-89.66,108.92,9.74,65.63
11724,-0.27,0.91,-0.31,30.03,7.61,-89.65,109.32,10.70,65.91
11734,-0.34,0.93,-0.35,29.53,3.46,-89.09,109.67,11.67,66.09
11744,-0.41,0.94,-0.38,28.01,-1.14,-87.81,109.95,12.62,66.20
11754,-0.49,0.97,-0.42,24.77,-6.04,-84.96,110.11,13.51,66.22
11764,-0.56,0.99,-0.46,20.93,-10.73,-81.03,110.19,14.33,66.17
11774,-0.64,1.02,-0.48,15.63,-15.14,-74.44,110.13,15.01,66.03
11784,-0.70,1.04,-0.50,10.60,-18.46,-66.60,110.01,15.56,65.86
11794,-0.75,1.06,-0.52,6.04,-19.37,-56.57,109.87,15.90,65.70
11804,-0.79,1.08,-0.53,2.28,-18.46,-45.86,109.74,16.09,65.57
11814,-0.81,1.09,-0.53,-0.84,-14.79,-33.21,109.62,16.04,65.52
11824,-0.82,1.08,-0.53,-3.76,-10.47,-20.34,109.48,15.83,65.48
11834,-0.80,1.08,-0.52,-6.88,-6.27,-6.88,109.30,15.47,65.43
11844,-0.78,1.06,-0.50,-9.94,-2.65,5.42,109.08,15.02,65.37
11854,-0.74,1.05,-0.47,-12.75,0.42,16.96,108.83,14.50,65.28
11864,-0.71,1.03,-0.45,-15.08,3.35,27.15,108.57,13.92,65.21
11874,-0.67,1.02,-0.42,-16.82,6.06,36.44,108.31,13.28,65.13
11884,-0.63,1.01,-0.40,-18.20,8.27,44.35,108.05,12.61,65.05
11894,-0.59,1.00,-0.37,-19.26,9.68,51.50,107.78,11.91,64.95
11904,-0.56,0.99,-0.35,-20.16,10.46,57.92,107.50,11.18,64.82
11914,-0.52,0.98,-0.34,-20.87,10.37,63.96,107.21,10.41,64.64
11924,-0.49,0.98,-0.32,-21.53,9.91,69.43,106.90,9.62,64.44
11934,-0.46,0.97,-0.30,-21.61,9.09,74.63,106.61,8.79,64.21
11944,-0.42,0.96,-0.28,-21.46,7.77,79.01,106.33,7.94,63.95
11954,-0.39,0.96,-0.27,-21.20,5.94,83.14,106.04,7.08,63.65
11964,-0.36,0.96,-0.26,-21.02,3.80,86.89,105.76,6.21,63.32
11974,-0.33,0.95,-0.25,-20.72,0.60,90.35,105.48,5.33,62.92
11984,-0.30,0.94,-0.24,-20.39,-2.92,93.13,105.21,4.46,62.47
11994,-0.27,0.94,-0.24,-20.20,-6.65,95.68,104.95,3.60,61.98
12004,-0.24,0.93,-0.24,-19.92,-10.17,97.50,104.71,2.75,61.48
12014,-0.21,0.93,-0.24,-19.67,-13.46,98.96,104.48,1.92,60.95
12024,-0.18,0.93,-0.24,-19.57,-16.55,100.24,104.28,1.08,60.41
12034,-0.16,0.93,-0.24,-19.45,-18.88,101.44,104.08,0.24,59.88
12044,-0.13,0.93,-0.24,-19.27,-20.28,102.55,103.96,-0.66,59.37
12054,-0.11,0.94,-0.24,-19.01,-20.84,103.81,103.83,-1.56,58.88
12064,-0.08,0.94,-0.24,-18.34,-20.41,105.14,103.75,-2.66,58.44
12074,-0.05,0.94,-0.24,-17.49,-19.12,106.51,103.71,-3.67,58.03
12084,-0.03,0.94,-0.24,-16.23,-17.55,107.66,103.68,-4.82,57.65
12094,-0.00,0.94,-0.24,-15.11,-15.96,108.84,103.68,-5.95,57.28
12104,0.03,0.94,-0.25,-13.89,-14.48,110.26,103.70,-7.14,56.91
12114,0.06,0.93,-0.25,-12.98,-13.14,111.44,103.71,-8.33,56.55
12124,0.10,0.91,-0.26,-12.38,-11.60,112.56,103.72,-9.55,56.21
12134,0.14,0.91,-0.27,-11.77,-9.73,113.30,103.73,-10.77,55.90
12144,0.19,0.89,-0.27,-11.64,-7.23,113.37,103.72,-11.98,55.64
12154,0.23,0.88,-0.27,-11.47,-4.58,113.13,103.70,-13.19,55.42
12164,0.27,0.87,-0.27,-11.15,-1.82,111.88,103.67,-14.36,55.25
12174,0.30,0.86,-0.27,-10.74,0.48,110.12,103.65,-15.49,55.08
12184,0.33,0.86,-0.27,-10.42,1.56,107.70,103.64,-16.57,54.90
12194,0.35,0.85,-0.26,-10.54,1.72,105.47,103.63,-17.62,54.67
12204,0.38,0.83,-0.27,-11.32,1.02,103.56,103.60,-18.66,54.40
12214,0.42,0.81,-0.27,-12.50,0.44,101.30,103.56,-19.66,54.14
12224,0.46,0.79,-0.27,-13.87,1.57,98.29,103.44,-20.62,53.98
12234,0.49,0.77,-0.26,-14.94,3.28,94.98,103.30,-21.55,53.88
12244,0.52,0.77,-0.24,-15.88,5.15,91.31,103.13,-22.44,53.82
12254,0.54,0.77,-0.23,-16.43,6.28,88.49,102.96,-23.32,53.75
12264,0.57,0.77,-0.21,-16.48,6.08,86.74,102.83,-24.22,53.62
12274,0.59,0.77,-0.19,-16.16,5.08,85.44,102.75,-25.11,53.44
12284,0.62,0.75,-0.19,-15.10,3.31,83.45,102.74,-25.95,53.21
12294,0.65,0.74,-0.19,-14.33,2.38,80.86,102.72,-26.74,53.02
12304,0.67,0.73,-0.18,-14.04,2.38,77.38,102.66,-27.48,52.89
12314,0.69,0.72,-0.18,-13.94,2.76,73.42,102.57,-28.16,52.79
12324,0.71,0.72,-0.17,-13.76,2.80,68.76,102.47,-28.76,52.71
12334,0.72,0.71,-0.16,-13.35,2.40,64.56,102.40,-29.34,52.60
12344,0.74,0.69,-0.16,-12.97,1.95,60.89,102.34,-29.90,52.49
12354,0.77,0.68,-0.15,-12.39,1.81,57.04,102.28,-30.41,52.40
12364,0.81,0.65,-0.16,-11.80,2.38,52.61,102.21,-30.87,52.36
12374,0.85,0.64,-0.15,-10.87,4.71,47.18,102.10,-31.26,52.46
12384,0.88,0.63,-0.15,-9.90,7.94,41.68,101.94,-31.60,52.65
12394,0.92,0.62,-0.15,-9.01,11.31,35.27,101.75,-31.85,52.91
12404,0.94,0.61,-0.15,-8.21,14.00,28.92,101.56,-32.05,53.19
12414,0.97,0.61,-0.14,-7.54,15.20,22.20,101.38,-32.15,53.43
12424,0.99,0.59,-0.14,-6.89,15.38,15.68,101.23,-32.18,53.64
12434,1.01,0.59,-0.13,-6.34,14.90,7.77,101.08,-32.08,53.84
12444,1.02,0.58,-0.13,-6.04,14.41,-0.25,100.92,-31.89,54.06
12454,1.01,0.59,-0.13,-5.89,13.40,-9.22,100.75,-31.57,54.26
12464,1.00,0.59,-0.12,-5.59,12.26,-17.73,100.60,-31.18,54.47
12474,0.98,0.60,-0.11,-5.15,11.32,-25.58,100.45,-30.74,54.68
12484,0.95,0.61,-0.11,-4.30,10.80,-32.38,100.31,-30.28,54.91
12494,0.93,0.61,-0.09,-2.91,10.96,-38.78,100.19,-29.77,55.19
12504,0.91,0.61,-0.08,-1.00,11.71,-44.64,100.08,-29.22,55.50
12514,0.89,0.61,-0.08,1.74,13.02,-50.99,100.03,-28.61,55.86
12524,0.87,0.61,-0.08,4.43,14.30,-57.07,99.99,-27.95,56.25
12534,0.84,0.61,-0.08,6.55,14.23,-62.99,99.99,-27.23,56.57
12544,0.81,0.61,-0.08,7.97,13.35,-68.26,99.99,-26.47,56.86
12554,0.77,0.61,-0.08,8.90,11.95,-73.30,100.00,-25.67,57.11
12564,0.74,0.61,-0.09,9.53,10.85,-78.25,100.01,-24.82,57.37
12574,0.71,0.60,-0.09,10.53,10.58,-84.00,100.02,-23.90,57.68
12584,0.67,0.60,-0.09,11.62,10.50,-89.39,100.05,-22.93,58.00
12594,0.62,0.61,-0.10,12.30,10.33,-94.62,100.08,-21.92,58.32
12604,0.58,0.62,-0.10,12.48,10.02,-99.33,100.07,-20.88,58.65
12614,0.54,0.63,-0.09,12.73,9.69,-103.45,100.07,-19.81,58.97
12624,0.50,0.64,-0.09,13.05,9.39,-107.31,100.08,-18.72,59.29
12634,0.47,0.65,-0.10,13.33,9.91,-110.99,100.10,-17.62,59.65
12644,0.43,0.66,-0.10,13.67,10.76,-114.39,100.10,-16.48,60.05
12654,0.39,0.67,-0.10,13.88,10.84,-117.52,100.07,-15.22,60.42
12664,0.35,0.68,-0.10,13.81,10.15,-120.32,100.04,-13.93,60.76
12674,0.31,0.69,-0.11,12.95,8.83,-122.93,100.11,-12.52,61.02
12684,0.27,0.71,-0.11,11.64,7.49,-125.30,100.10,-11.08,61.29
12694,0.23,0.72,-0.11,10.17,6.05,-127.36,100.07,-9.64,61.54
12704,0.19,0.73,-0.11,8.98,4.77,-129.59,100.02,-8.19,61.79
12714,0.15,0.75,-0.10,8.48,4.16,-131.18,100.01,-6.74,62.05
12724,0.11,0.76,-0.10,8.82,4.40,-132.01,100.04,-5.32,62.35
12734,0.08,0.77,-0.10,9.56,5.16,-132.52,100.10,-3.92,62.67
12744,0.04,0.79,-0.09,10.65,5.99,-132.69,100.19,-2.52,63.00
12754,0.01,0.79,-0.09,11.95,6.55,-132.79,100.32,-1.13,63.33
12764,-0.03,0.81,-0.09,13.38,6.43,-132.72,100.47,0.26,63.62
12774,-0.06,0.82,-0.09,14.68,5.85,-132.41,100.64,1.64,63.90
12784,-0.09,0.82,-0.10,15.87,4.62,-131.73,100.83,3.01,64.14
12794,-0.12,0.83,-0.10,17.02,3.19,-131.00,101.03,4.38,64.35
12804,-0.15,0.84,-0.10,18.22,0.99,-130.22,101.26,5.75,64.52
12814,-0.19,0.84,-0.10,19.48,-1.35,-129.57,101.49,7.12,64.67
12824,-0.22,0.85,-0.11,20.87,-3.92,-128.23,101.74,8.45,64.77
12834,-0.25,0.86,-0.11,22.20,-6.16,-126.77,102.00,9.76,64.87
12844,-0.28,0.87,-0.11,23.87,-8.17,-124.98,102.30,11.05,64.96
12854,-0.30,0.88,-0.12,25.77,-10.02,-123.25,102.62,12.33,65.03
12864,-0.32,0.88,-0.13,28.07,-12.10,-121.27,102.99,13.59,65.09
12874,-0.34,0.88,-0.15,30.05,-14.21,-119.42,103.39,14.84,65.12
12884,-0.37,0.88,-0.17,31.72,-16.53,-117.75,103.81,16.10,65.14
12894,-0.39,0.88,-0.19,32.93,-18.21,-116.34,104.22,17.34,65.18
12904,-0.42,0.89,-0.22,34.17,-18.13,-115.15,104.69,18.56,65.30
12914,-0.46,0.89,-0.24,35.26,-17.06,-114.27,105.19,19.77,65.49
12924,-0.51,0.89,-0.28,35.99,-15.13,-112.84,105.71,20.92,65.73
12934,-0.56,0.91,-0.31,36.10,-13.62,-110.82,106.21,22.03,65.98
12944,-0.62,0.92,-0.34,34.54,-13.15,-107.40,106.61,23.07,66.17
12954,-0.68,0.94,-0.37,32.42,-13.32,-103.32,106.95,24.05,66.31
12964,-0.75,0.95,-0.40,29.58,-14.07,-97.83,107.20,24.93,66.40
12974,-0.81,0.97,-0.42,26.80,-14.49,-91.76,107.43,25.73,66.47
12984,-0.87,0.99,-0.45,23.36,-14.26,-83.99,107.59,26.38,66.53
12994,-0.92,1.00,-0.47,19.68,-13.91,-75.44,107.69,26.91,66.56
13004,-0.97,1.02,-0.48,15.27,-13.42,-64.29,107.68,27.25,66.52
13014,-1.00,1.03,-0.49,10.75,-12.84,-52.58,107.61,27.44,66.45
13024,-1.01,1.03,-0.49,6.45,-10.75,-39.38,107.52,27.43,66.40
13034,-1.01,1.02,-0.49,2.69,-7.73,-26.52,107.43,27.28,66.38
13044,-1.00,1.01,-0.47,-0.62,-4.21,-14.24,107.32,27.03,66.39
13054,-0.96,1.00,-0.46,-3.69,-0.12,-1.95,107.21,26.64,66.42
13064,-0.92,0.98,-0.43,-6.52,3.76,9.73,107.07,26.15,66.46
13074,-0.87,0.97,-0.41,-8.94,6.88,19.92,106.90,25.63,66.47
13084,-0.83,0.96,-0.38,-10.85,9.46,28.74,106.72,25.07,66.48
13094,-0.79,0.95,-0.36,-12.46,11.50,36.41,106.52,24.48,66.47
13104,-0.76,0.94,-0.33,-14.00,12.78,42.91,106.28,23.87,66.43
13114,-0.73,0.94,-0.31,-15.23,12.60,48.96,106.01,23.23,66.32
13124,-0.71,0.93,-0.28,-16.01,11.74,54.40,105.72,22.57,66.16
13134,-0.68,0.93,-0.26,-16.38,9.95,59.67,105.43,21.88,65.94
13144,-0.66,0.92,-0.25,-16.45,7.67,64.77,105.13,21.16,65.67
13154,-0.64,0.92,-0.23,-16.20,4.54,69.97,104.82,20.39,65.33
13164,-0.61,0.92,-0.22,-15.87,1.59,74.73,104.52,19.61,64.96
13174,-0.59,0.91,-0.21,-15.34,-1.40,79.47,104.22,18.78,64.55
13184,-0.56,0.90,-0.21,-14.97,-4.00,83.78,103.93,17.94,64.13
13194,-0.53,0.90,-0.20,-14.10,-5.70,87.76,103.67,17.07,63.73
13204,-0.50,0.89,-0.20,-13.05,-6.54,91.37,103.45,16.16,63.37
13214,-0.47,0.89,-0.19,-11.83,-6.87,94.79,103.25,15.22,63.01
13224,-0.45,0.89,-0.19,-10.43,-6.86,98.18,103.09,14.25,62.67
13234,-0.42,0.89,-0.19,-8.98,-6.29,101.50,102.96,13.25,62.36
13244,-0.39,0.88,-0.19,-7.30,-5.40,104.48,102.87,12.23,62.07
13254,-0.36,0.88,-0.19,-5.42,-4.21,107.02,102.80,11.18,61.80
13264,-0.33,0.87,-0.19,-3.71,-3.00,109.57,102.77,10.12,61.55
13274,-0.30,0.87,-0.19,-2.08,-1.93,111.82,102.77,9.05,61.30
13284,-0.28,0.87,-0.19,-0.70,-1.11,113.93,102.79,7.96,61.05
13294,-0.25,0.86,-0.19,0.41,-0.79,116.02,102.88,6.80,60.78
13304,-0.22,0.86,-0.20,1.24,-0.82,117.84,102.96,5.65,60.50
13314,-0.19,0.86,-0.21,1.86,-1.28,119.08,103.05,4.41,60.20
13324,-0.16,0.85,-0.22,2.33,-1.79,119.80,103.15,3.21,59.89
13334,-0.14,0.85,-0.22,2.03,-2.85,120.21,103.23,2.01,59.55
13344,-0.11,0.85,-0.23,1.42,-4.23,120.63,103.29,0.83,59.17
13354,-0.09,0.84,-0.24,0.50,-6.18,121.07,103.34,-0.33,58.76
13364,-0.07,0.84,-0.24,-0.29,-8.24,121.74,103.40,-1.50,58.31
13374,-0.05,0.83,-0.25,-0.81,-10.25,122.16,103.47,-2.67,57.84
13384,-0.03,0.83,-0.25,-1.56,-11.96,122.63,103.54,-3.85,57.36
13394,-0.01,0.83,-0.26,-2.36,-13.34,122.96,103.60,-5.01,56.88
13404,0.00,0.83,-0.27,-3.56,-14.47,123.37,103.65,-6.16,56.39
13414,0.01,0.83,-0.27,-4.58,-15.28,124.02,103.70,-7.32,55.90
13424,0.03,0.83,-0.27,-5.61,-15.71,125.23,103.75,-8.52,55.41
13434,0.05,0.82,-0.27,-6.30,-15.57,126.42,103.82,-9.74,54.93
13444,0.06,0.82,-0.27,-6.76,-14.68,127.92,103.90,-10.98,54.48
13454,0.08,0.80,-0.27,-6.71,-12.99,129.48,104.00,-12.28,54.07
13464,0.10,0.79,-0.27,-6.51,-10.28,131.56,104.10,-13.67,53.71
13474,0.13,0.78,-0.27,-6.11,-7.27,133.94,104.21,-15.13,53.38
13484,0.17,0.76,-0.26,-5.84,-3.25,135.93,104.29,-16.64,53.12
13494,0.21,0.74,-0.25,-5.35,0.94,137.15,104.35,-18.17,52.92
13504,0.24,0.73,-0.25,-4.56,4.67,137.82,104.43,-19.69,52.74
13514,0.27,0.73,-0.24,-3.90,7.32,138.26,104.53,-21.19,52.54
13524,0.29,0.72,-0.24,-3.72,7.80,138.84,104.64,-22.69,52.24
13534,0.31,0.71,-0.23,-3.82,6.96,139.46,104.79,-24.17,51.87
13544,0.32,0.70,-0.23,-4.18,4.26,140.24,105.00,-25.63,51.37
13554,0.36,0.67,-0.23,-4.86,1.47,140.73,105.22,-27.08,50.82
13564,0.39,0.65,-0.24,-5.78,0.42,140.88,105.39,-28.54,50.33
13574,0.43,0.63,-0.23,-6.57,0.82,140.48,105.53,-29.99,49.92
13584,0.46,0.61,-0.23,-7.04,2.31,139.88,105.64,-31.45,49.56
13594,0.49,0.61,-0.22,-7.03,3.71,139.43,105.76,-32.91,49.22
13604,0.52,0.60,-0.21,-6.71,3.76,139.87,105.94,-34.40,48.80
13614,0.56,0.59,-0.20,-6.18,2.88,140.74,106.20,-35.89,48.30
13624,0.62,0.55,-0.20,-6.08,1.85,141.12,106.48,-37.36,47.76
13634,0.68,0.53,-0.20,-5.94,1.57,140.68,106.76,-38.81,47.24
13644,0.75,0.49,-0.20,-5.37,2.66,138.65,107.01,-40.18,46.82
13654,0.82,0.46,-0.20,-4.59,5.20,135.56,107.20,-41.51,46.53
13664,0.89,0.44,-0.20,-3.42,9.89,130.53,107.28,-42.76,46.44
13674,0.96,0.41,-0.19,-2.48,15.54,125.27,107.26,-43.97,46.51
13684,1.02,0.39,-0.19,-1.53,21.95,118.92,107.12,-45.11,46.75
13694,1.09,0.38,-0.18,-0.66,27.90,112.22,106.90,-46.18,47.09
13704,1.15,0.37,-0.16,-0.03,32.60,104.01,106.62,-47.11,47.51
13714,1.20,0.36,-0.15,0.38,35.78,95.49,106.32,-47.94,47.95
13724,1.24,0.36,-0.13,0.74,37.00,85.45,106.02,-48.59,48.37
13734,1.27,0.36,-0.12,0.72,36.34,74.81,105.75,-49.09,48.73
13744,1.28,0.37,-0.11,0.73,34.88,64.28,105.49,-49.48,49.08
13754,1.29,0.38,-0.09,0.48,32.69,53.74,105.23,-49.76,49.41
13764,1.28,0.40,-0.09,0.55,30.73,43.94,104.97,-49.96,49.75
13774,1.28,0.41,-0.08,1.42,29.15,34.18,104.71,-50.08,50.13
13784,1.27,0.43,-0.08,2.27,27.80,25.22,104.46,-50.13,50.52
13794,1.25,0.44,-0.08,3.27,26.66,16.65,104.20,-50.12,50.94
13804,1.24,0.45,-0.08,4.19,25.66,8.75,103.94,-50.05,51.37
13814,1.23,0.46,-0.08,5.05,24.74,1.13,103.68,-49.92,51.81
13824,1.22,0.46,-0.08,6.10,24.43,-5.90,103.41,-49.75,52.30
13834,1.21,0.46,-0.08,7.32,24.84,-12.94,103.10,-49.51,52.85
13844,1.21,0.47,-0.08,8.73,25.24,-19.52,102.80,-49.23,53.43
13854,1.20,0.47,-0.07,10.18,25.58,-26.60,102.51,-48.85,54.02
13864,1.19,0.48,-0.07,11.44,25.57,-33.08,102.23,-48.44,54.61
13874,1.18,0.48,-0.07,12.52,24.86,-39.47,101.98,-47.95,55.15
13884,1.17,0.48,-0.06,13.74,23.95,-45.27,101.77,-47.42,55.67
13894,1.16,0.48,-0.06,15.20,22.80,-51.03,101.61,-46.84,56.17
13904,1.14,0.47,-0.06,16.61,21.68,-56.78,101.46,-46.19,56.66
13914,1.13,0.46,-0.05,17.98,21.09,-63.37,101.31,-45.45,57.19
13924,1.11,0.46,-0.05,19.22,20.82,-70.08,101.16,-44.64,57.74
13934,1.08,0.46,-0.05,20.58,19.96,-77.31,101.04,-43.74,58.26
13944,1.05,0.46,-0.05,21.70,18.34,-83.73,100.98,-42.79,58.72
13954,1.02,0.46,-0.05,22.72,15.99,-89.64,100.98,-41.80,59.11
13964,0.99,0.46,-0.06,23.70,13.97,-95.32,101.00,-40.75,59.49
13974,0.95,0.46,-0.06,24.87,12.45,-101.14,101.05,-39.65,59.89
13984,0.92,0.47,-0.07,26.03,11.09,-106.65,101.10,-38.51,60.28
13994,0.87,0.48,-0.08,26.67,9.46,-111.82,101.18,-37.33,60.64
14004,0.84,0.49,-0.08,26.73,7.17,-116.32,101.27,-36.12,60.93
14014,0.79,0.50,-0.09,26.41,4.15,-120.74,101.38,-34.85,61.18
14024,0.75,0.51,-0.09,25.82,1.39,-124.71,101.48,-33.57,61.40
14034,0.70,0.53,-0.09,25.95,-0.63,-128.09,101.59,-32.27,61.65
14044,0.66,0.54,-0.10,26.32,-2.12,-131.14,101.73,-30.96,61.91
14054,0.62,0.55,-0.10,27.17,-3.01,-133.96,101.91,-29.64,62.17
14064,0.58,0.56,-0.11,27.89,-3.61,-136.57,102.07,-28.30,62.46
14074,0.53,0.58,-0.12,28.16,-5.01,-138.87,102.34,-26.78,62.65
14084,0.48,0.59,-0.12,28.10,-7.10,-140.77,102.53,-25.18,62.84
14094,0.44,0.61,-0.13,27.76,-10.07,-142.31,102.75,-23.57,62.96
14104,0.39,0.63,-0.14,26.99,-13.93,-143.45,102.99,-21.95,63.00
14114,0.35,0.65,-0.14,25.95,-17.70,-144.20,103.21,-20.33,63.01
14124,0.31,0.66,-0.16,24.59,-20.98,-144.67,103.43,-18.72,63.01
14134,0.27,0.68,-0.16,23.35,-23.59,-145.03,103.62,-17.10,63.02
14144,0.23,0.69,-0.16,22.15,-25.22,-144.96,103.78,-15.51,63.06
14154,0.19,0.71,-0.17,21.24,-26.68,-144.40,103.94,-13.93,63.08
14164,0.16,0.73,-0.17,20.76,-28.11,-143.29,104.12,-12.39,63.09
14174,0.13,0.74,-0.17,20.66,-29.66,-142.11,104.32,-10.86,63.09
14184,0.10,0.75,-0.18,20.58,-31.69,-140.94,104.54,-9.33,63.04
14194,0.07,0.76,-0.20,20.33,-33.43,-139.89,104.76,-7.80,62.99
14204,0.04,0.77,-0.21,19.53,-35.25,-138.67,104.96,-6.29,62.91
14214,0.01,0.78,-0.22,18.54,-36.76,-137.43,105.15,-4.79,62.84
14224,-0.01,0.79,-0.23,17.36,-37.76,-135.87,105.29,-3.32,62.78
14234,-0.05,0.81,-0.24,16.47,-38.06,-134.28,105.44,-1.86,62.74
14244,-0.08,0.82,-0.24,16.02,-37.35,-132.58,105.58,-0.45,62.74
14254,-0.11,0.83,-0.24,15.77,-35.96,-130.64,105.73,0.93,62.78
14264,-0.14,0.84,-0.25,15.63,-33.58,-128.01,105.89,2.24,62.87
14274,-0.16,0.85,-0.25,15.42,-31.00,-125.16,106.04,3.51,62.98
14284,-0.18,0.87,-0.24,15.73,-27.67,-121.68,106.21,4.69,63.14
14294,-0.19,0.87,-0.24,16.48,-24.37,-117.91,106.40,5.82,63.33
14304,-0.19,0.87,-0.24,17.80,-21.62,-113.59,106.64,6.88,63.50
14314,-0.19,0.87,-0.25,19.39,-18.85,-109.79,106.93,7.93,63.70
14324,-0.17,0.86,-0.25,21.25,-15.68,-106.82,107.33,8.89,63.96
14334,-0.17,0.85,-0.26,22.97,-12.13,-105.07,107.76,9.85,64.30
14344,-0.18,0.85,-0.27,24.83,-8.03,-104.60,108.22,10.88,64.71
14354,-0.19,0.85,-0.28,26.40,-4.10,-104.71,108.67,11.95,65.17
14364,-0.23,0.85,-0.29,28.09,-0.57,-105.00,109.16,13.02,65.66
14374,-0.26,0.86,-0.30,29.42,2.08,-105.28,109.65,14.09,66.15
14384,-0.31,0.87,-0.32,30.19,3.42,-105.01,110.13,15.14,66.61
14394,-0.36,0.88,-0.35,30.45,3.87,-104.44,110.60,16.19,67.05
14404,-0.43,0.90,-0.37,29.78,3.25,-103.43,111.01,17.23,67.43
14414,-0.51,0.92,-0.40,28.69,1.66,-101.59,111.38,18.23,67.75
14424,-0.59,0.94,-0.43,26.43,-1.45,-97.52,111.64,19.15,67.94
14434,-0.66,0.96,-0.46,23.50,-4.90,-91.94,111.82,19.98,68.04
14444,-0.74,0.98,-0.48,19.94,-8.32,-85.18,111.92,20.71,68.07
14454,-0.80,1.00,-0.50,15.52,-11.13,-76.21,111.90,21.27,68.02
14464,-0.85,1.01,-0.52,11.12,-12.91,-66.33,111.84,21.71,67.94
14474,-0.89,1.02,-0.53,6.32,-12.69,-54.25,111.70,21.92,67.85
14484,-0.91,1.03,-0.53,1.99,-11.25,-41.72,111.54,21.97,67.77
14494,-0.91,1.02,-0.52,-1.82,-8.18,-27.67,111.36,21.80,67.71
14504,-0.90,1.02,-0.50,-5.05,-4.94,-14.34,111.17,21.52,67.64
14514,-0.87,1.01,-0.48,-7.74,-1.76,-1.14,110.97,21.11,67.56
14524,-0.84,1.00,-0.46,-10.16,1.28,10.80,110.74,20.62,67.47
14534,-0.80,0.98,-0.44,-12.02,4.16,21.81,110.51,20.06,67.38
14544,-0.76,0.97,-0.41,-13.70,6.56,31.33,110.26,19.46,67.28
14554,-0.72,0.96,-0.39,-14.87,8.57,39.40,110.01,18.83,67.17
14564,-0.68,0.95,-0.37,-15.63,9.99,46.01,109.76,18.20,67.06
14574,-0.66,0.95,-0.35,-16.51,9.85,52.02,109.47,17.55,66.87
14584,-0.63,0.95,-0.33,-17.43,8.48,57.82,109.15,16.87,66.61
14594,-0.61,0.95,-0.31,-18.58,5.70,63.96,108.78,16.14,66.24
14604,-0.59,0.95,-0.29,-19.38,2.21,69.92,108.40,15.38,65.81
14614,-0.57,0.94,-0.28,-19.45,-1.31,76.37,108.05,14.55,65.32
14624,-0.54,0.93,-0.27,-19.17,-4.16,82.52,107.72,13.68,64.82
14634,-0.50,0.92,-0.27,-18.35,-5.63,88.29,107.43,12.76,64.35
14644,-0.46,0.91,-0.26,-17.33,-5.92,93.43,107.17,11.78,63.92
14654,-0.42,0.91,-0.25,-15.90,-4.80,98.42,106.93,10.72,63.55
14664,-0.38,0.90,-0.25,-13.99,-3.00,102.66,106.77,9.65,63.23
14674,-0.35,0.89,-0.24,-11.65,-0.64,106.66,106.64,8.52,62.95
14684,-0.31,0.89,-0.24,-9.23,1.45,110.06,106.55,7.38,62.68
14694,-0.28,0.88,-0.23,-6.96,2.79,112.89,106.47,6.24,62.40
14704,-0.25,0.88,-0.24,-5.32,3.34,115.36,106.45,5.13,62.09
14714,-0.23,0.87,-0.24,-4.17,2.94,117.65,106.44,4.03,61.75
14724,-0.20,0.86,-0.24,-3.59,2.14,119.74,106.43,2.91,61.37
14734,-0.17,0.85,-0.25,-3.45,1.48,121.99,106.46,1.72,61.00
14744,-0.14,0.84,-0.25,-3.58,1.22,123.41,106.49,0.44,60.63
14754,-0.11,0.83,-0.25,-3.79,1.61,124.23,106.47,-0.90,60.30
14764,-0.08,0.83,-0.25,-3.81,2.34,124.36,106.52,-2.15,60.00
14774,-0.06,0.84,-0.26,-3.89,3.00,124.49,106.56,-3.42,59.69
14784,-0.04,0.84,-0.26,-4.07,2.97,124.79,106.62,-4.62,59.36
14794,-0.02,0.84,-0.26,-4.34,2.40,125.26,106.65,-5.74,58.99
14804,-0.00,0.84,-0.26,-4.59,1.09,126.11,106.69,-6.88,58.57
14814,0.02,0.84,-0.27,-4.95,-1.26,127.09,106.77,-8.07,58.08
14824,0.04,0.83,-0.27,-5.32,-3.93,128.01,106.87,-9.31,57.54
14834,0.06,0.82,-0.28,-5.96,-5.60,128.78,106.95,-10.56,57.02
14844,0.09,0.81,-0.29,-6.47,-5.40,129.28,107.03,-11.86,56.57
14854,0.12,0.81,-0.29,-7.14,-4.30,129.65,107.09,-13.18,56.16
14864,0.15,0.81,-0.29,-7.80,-2.21,130.28,107.12,-14.57,55.80
14874,0.18,0.81,-0.28,-8.07,-0.01,131.21,107.11,-16.00,55.48
14884,0.21,0.80,-0.27,-7.53,2.37,132.35,107.13,-17.46,55.18
14894,0.24,0.80,-0.27,-6.34,4.67,133.49,107.21,-18.93,54.89
14904,0.27,0.79,-0.26,-4.48,6.71,134.82,107.33,-20.42,54.60
14914,0.29,0.78,-0.25,-2.62,7.97,136.64,107.50,-21.95,54.27
14924,0.33,0.76,-0.25,-1.10,7.79,139.21,107.72,-23.51,53.85
14934,0.37,0.74,-0.25,-0.25,6.99,141.47,107.97,-25.06,53.37
14944,0.41,0.72,-0.24,0.50,6.37,143.25,108.22,-26.62,52.89
14954,0.45,0.70,-0.24,1.41,6.13,144.31,108.51,-28.15,52.41
14964,0.49,0.68,-0.24,2.12,6.06,144.26,108.80,-29.65,51.94
14974,0.54,0.65,-0.24,2.91,6.13,143.08,109.11,-31.09,51.48
14984,0.59,0.62,-0.25,3.20,6.71,140.88,109.40,-32.47,51.05
14994,0.64,0.59,-0.25,3.13,8.19,138.46,109.65,-33.84,50.68
15004,0.69,0.57,-0.25,2.64,10.24,135.10,109.84,-35.16,50.38
15014,0.74,0.55,-0.24,2.28,12.08,131.59,110.01,-36.44,50.11
15024,0.80,0.54,-0.23,1.84,13.40,127.63,110.18,-37.66,49.84
15034,0.85,0.52,-0.23,1.48,14.37,123.48,110.35,-38.83,49.58
15044,0.90,0.50,-0.22,1.36,15.34,118.41,110.49,-39.92,49.37
15054,0.95,0.48,-0.21,1.35,16.39,113.31,110.63,-40.96,49.19
15064,1.02,0.45,-0.21,1.46,18.35,107.23,110.70,-41.93,49.12
15074,1.09,0.42,-0.20,1.91,21.23,100.08,110.70,-42.81,49.18
15084,1.16,0.40,-0.19,3.44,25.98,90.83,110.58,-43.58,49.50
15094,1.22,0.37,-0.18,4.74,30.15,81.15,110.41,-44.24,49.90
15104,1.27,0.35,-0.17,5.98,33.59,69.57,110.16,-44.72,50.40
15114,1.32,0.33,-0.16,6.66,36.43,57.84,109.85,-45.08,50.98
15124,1.35,0.32,-0.15,6.18,36.99,44.87,109.50,-45.25,51.54
15134,1.37,0.33,-0.14,5.19,35.55,31.98,109.16,-45.26,52.03
15144,1.37,0.34,-0.13,3.79,32.24,19.64,108.85,-45.14,52.43
15154,1.35,0.35,-0.12,2.10,26.43,7.25,108.63,-44.84,52.68
15164,1.33,0.37,-0.12,0.64,20.65,-4.05,108.43,-44.47,52.87
15174,1.31,0.39,-0.11,-0.39,16.12,-15.02,108.21,-44.00,53.12
15184,1.28,0.40,-0.10,-0.92,13.51,-24.86,107.94,-43.49,53.45
15194,1.25,0.42,-0.10,-0.53,12.73,-34.05,107.64,-42.95,53.88
15204,1.22,0.43,-0.09,0.27,12.73,-42.22,107.34,-42.37,54.37
15214,1.20,0.43,-0.09,1.78,13.11,-49.90,107.05,-41.73,54.89
15224,1.17,0.43,-0.08,3.88,13.53,-57.68,106.80,-41.02,55.44
15234,1.14,0.44,-0.07,6.48,13.64,-66.52,106.58,-40.18,56.02
15244,1.10,0.46,-0.07,8.95,13.26,-74.63,106.40,-39.29,56.58
15254,1.06,0.47,-0.08,10.98,11.56,-82.59,106.26,-38.30,57.07
15264,1.01,0.48,-0.08,12.47,8.70,-89.67,106.19,-37.26,57.47
15274,0.97,0.49,-0.09,13.11,4.14,-96.23,106.18,-36.14,57.73
15284,0.93,0.50,-0.09,13.46,-0.61,-102.13,106.19,-34.98,57.94
15294,0.89,0.51,-0.10,13.39,-4.94,-108.31,106.21,-33.75,58.14
15304,0.85,0.52,-0.11,13.69,-8.06,-114.15,106.22,-32.47,58.37
15314,0.80,0.53,-0.11,14.55,-10.13,-119.49,106.24,-31.17,58.64
15324,0.75,0.54,-0.12,15.51,-11.77,-123.88,106.28,-29.86,58.91
15334,0.71,0.56,-0.12,16.77,-12.89,-127.85,106.34,-28.53,59.19
15344,0.66,0.57,-0.13,17.93,-14.07,-131.22,106.41,-27.19,59.46
15354,0.61,0.58,-0.13,19.09,-15.29,-134.41,106.50,-25.82,59.73
15364,0.57,0.60,-0.14,20.40,-16.69,-137.47,106.59,-24.39,60.00
15374,0.52,0.62,-0.15,21.66,-18.76,-140.10,106.70,-22.81,60.22
15384,0.46,0.63,-0.16,22.89,-21.07,-142.12,106.91,-21.17,60.38
15394,0.41,0.64,-0.17,23.74,-23.63,-143.44,107.13,-19.54,60.50
15404,0.37,0.66,-0.18,24.35,-26.03,-144.38,107.41,-17.92,60.59
15414,0.33,0.66,-0.20,24.55,-28.01,-145.38,107.67,-16.28,60.69
15424,0.29,0.67,-0.21,24.21,-30.00,-146.16,107.90,-14.64,60.78
15434,0.24,0.69,-0.22,23.98,-32.25,-147.16,108.12,-12.96,60.86
15444,0.20,0.69,-0.22,23.60,-34.31,-147.93,108.34,-11.28,60.92
15454,0.16,0.70,-0.24,23.37,-35.49,-148.54,108.59,-9.62,61.01
15464,0.13,0.71,-0.25,22.97,-35.72,-148.92,108.82,-7.97,61.15
15474,0.09,0.72,-0.26,22.16,-35.85,-148.96,109.02,-6.34,61.28
15484,0.04,0.73,-0.27,20.93,-35.62,-148.46,109.18,-4.72,61.43
15494,0.00,0.75,-0.28,19.45,-35.40,-147.79,109.32,-3.13,61.58
15504,-0.04,0.76,-0.28,18.01,-35.26,-146.55,109.44,-1.56,61.73
15514,-0.08,0.77,-0.29,16.74,-34.81,-145.07,109.56,-0.03,61.88
15524,-0.12,0.78,-0.29,15.93,-33.55,-142.74,109.69,1.44,62.06
15534,-0.15,0.79,-0.29,15.51,-32.05,-140.21,109.83,2.86,62.25
15544,-0.18,0.80,-0.29,15.59,-29.90,-137.29,110.01,4.23,62.48
15554,-0.21,0.81,-0.29,15.68,-28.10,-133.99,110.19,5.55,62.70
15564,-0.23,0.82,-0.30,15.98,-26.04,-130.64,110.39,6.82,62.94
15574,-0.25,0.82,-0.31,15.97,-24.33,-127.30,110.59,8.06,63.18
15584,-0.26,0.83,-0.31,16.00,-22.29,-123.28,110.80,9.23,63.43
15594,-0.27,0.83,-0.32,16.24,-20.04,-119.57,111.02,10.36,63.71
15604,-0.28,0.83,-0.32,17.12,-17.10,-115.91,111.30,11.44,64.03
15614,-0.30,0.83,-0.32,18.61,-13.91,-112.83,111.62,12.49,64.40
15624,-0.32,0.84,-0.33,20.26,-10.54,-109.65,111.99,13.49,64.80
15634,-0.34,0.85,-0.35,21.91,-7.74,-106.75,112.40,14.47,65.21
15644,-0.38,0.86,-0.36,23.06,-5.75,-103.64,112.80,15.42,65.60
15654,-0.42,0.87,-0.39,23.60,-4.72,-100.44,113.19,16.34,65.96
15664,-0.47,0.88,-0.41,23.03,-4.69,-96.45,113.51,17.20,66.26
15674,-0.52,0.90,-0.43,21.95,-5.21,-92.42,113.79,18.04,66.52
15684,-0.58,0.91,-0.45,20.28,-6.47,-87.63,114.02,18.83,66.71
15694,-0.63,0.93,-0.48,18.25,-7.95,-82.29,114.19,19.55,66.85
15704,-0.69,0.95,-0.50,15.47,-9.59,-75.15,114.28,20.15,66.91
15714,-0.74,0.97,-0.52,12.31,-10.72,-67.21,114.31,20.65,66.92
15724,-0.78,0.98,-0.54,8.68,-10.67,-57.49,114.27,20.97,66.91
15734,-0.82,0.99,-0.54,5.20,-9.60,-47.58,114.20,21.17,66.90
15744,-0.84,1.01,-0.54,2.01,-7.24,-36.18,114.11,21.19,66.89
15754,-0.85,1.01,-0.54,-1.04,-4.68,-24.34,113.97,21.07,66.85
15764,-0.85,1.01,-0.53,-4.35,-2.30,-11.55,113.77,20.79,66.75
15774,-0.83,1.00,-0.51,-7.14,-0.20,0.34,113.54,20.42,66.63
15784,-0.81,0.99,-0.49,-9.29,2.07,12.20,113.31,19.94,66.48
15794,-0.78,0.99,-0.47,-11.19,3.87,22.78,113.06,19.40,66.32
15804,-0.75,0.98,-0.45,-12.86,5.55,32.64,112.79,18.80,66.13
15814,-0.72,0.97,-0.43,-14.43,6.82,41.39,112.51,18.15,65.93
15824,-0.69,0.96,-0.41,-15.51,7.39,49.19,112.22,17.48,65.70
15834,-0.67,0.96,-0.39,-16.46,7.18,56.79,111.91,16.74,65.41
15844,-0.65,0.95,-0.38,-17.38,6.23,63.96,111.58,15.98,65.07
15854,-0.63,0.94,-0.36,-17.88,4.24,71.54,111.24,15.14,64.64
15864,-0.61,0.93,-0.34,-18.08,2.03,78.72,110.91,14.26,64.17
15874,-0.58,0.93,-0.33,-17.72,-0.43,86.05,110.60,13.32,63.64
15884,-0.55,0.92,-0.32,-17.42,-2.43,93.02,110.30,12.33,63.10
15894,-0.52,0.91,-0.31,-16.55,-3.78,99.95,110.03,11.26,62.56
15904,-0.49,0.90,-0.30,-15.52,-4.55,106.07,109.79,10.16,62.03
15914,-0.46,0.89,-0.29,-14.03,-4.65,111.70,109.60,9.02,61.51
15924,-0.42,0.88,-0.29,-12.26,-4.45,116.73,109.45,7.84,61.01
15934,-0.39,0.87,-0.28,-10.16,-3.66,121.47,109.35,6.63,60.53
15944,-0.36,0.87,-0.28,-8.35,-2.75,125.64,109.26,5.39,60.07
15954,-0.32,0.86,-0.27,-6.33,-2.04,129.68,109.21,4.10,59.59
15964,-0.29,0.85,-0.27,-4.43,-1.59,133.28,109.19,2.82,59.10
15974,-0.26,0.84,-0.28,-2.48,-1.35,136.94,109.24,1.50,58.60
15984,-0.23,0.83,-0.29,-0.93,-1.25,139.97,109.33,0.17,58.09
15994,-0.20,0.82,-0.29,0.10,-0.78,142.74,109.43,-1.19,57.59
16004,-0.16,0.81,-0.29,0.64,-0.51,145.05,109.53,-2.56,57.08
16014,-0.13,0.80,-0.30,0.58,-0.61,147.16,109.65,-3.98,56.55
16024,-0.10,0.79,-0.31,0.26,-0.95,148.71,109.76,-5.40,56.00
16034,-0.07,0.78,-0.32,-0.44,-1.82,150.17,109.87,-6.81,55.41
16044,-0.04,0.77,-0.32,-1.22,-2.68,151.68,109.99,-8.23,54.80
16054,-0.01,0.76,-0.32,-2.21,-3.88,153.26,110.11,-9.72,54.15
16064,0.02,0.75,-0.33,-2.91,-5.54,154.53,110.27,-11.19,53.46
16074,0.06,0.73,-0.34,-3.21,-5.37,155.73,110.44,-12.71,52.83
16084,0.09,0.72,-0.34,-3.28,-3.72,157.33,110.62,-14.30,52.24
16094,0.14,0.71,-0.34,-2.99,-0.48,159.17,110.79,-16.00,51.74
16104,0.18,0.69,-0.34,-2.56,3.46,160.67,110.97,-17.71,51.29
16114,0.23,0.67,-0.34,-1.76,8.30,161.51,111.15,-19.45,50.92
16124,0.28,0.66,-0.34,-0.98,12.44,161.43,111.34,-21.16,50.57
16134,0.32,0.64,-0.34,-0.66,15.30,160.85,111.53,-22.84,50.19
16144,0.36,0.63,-0.34,-0.66,16.88,160.21,111.74,-24.49,49.77
16154,0.41,0.60,-0.34,-1.43,17.04,158.93,111.93,-26.09,49.30
16164,0.46,0.58,-0.34,-2.62,17.03,157.55,112.12,-27.67,48.82
16174,0.50,0.56,-0.33,-3.88,17.48,156.00,112.28,-29.24,48.36
16184,0.54,0.55,-0.32,-4.97,18.30,153.83,112.42,-30.77,47.94
16194,0.57,0.54,-0.31,-5.82,18.85,151.97,112.56,-32.30,47.51
16204,0.61,0.53,-0.30,-6.83,17.60,150.36,112.76,-33.78,46.98
16214,0.65,0.51,-0.29,-7.70,15.40,148.88,113.00,-35.23,46.37
16224,0.71,0.48,-0.28,-8.54,12.28,146.92,113.30,-36.61,45.68
16234,0.77,0.45,-0.27,-8.95,9.90,144.42,113.62,-37.95,44.99
16244,0.84,0.42,-0.26,-8.56,9.99,140.59,113.90,-39.24,44.46
16254,0.92,0.38,-0.26,-7.94,11.96,135.68,114.11,-40.48,44.06
16264,1.00,0.35,-0.26,-7.16,16.56,128.75,114.17,-41.64,43.93
16274,1.08,0.33,-0.25,-6.48,21.81,120.66,114.12,-42.72,43.95
16284,1.14,0.32,-0.23,-5.94,26.94,111.18,113.96,-43.68,44.14
16294,1.20,0.31,-0.21,-5.29,30.61,101.78,113.79,-44.55,44.35
16304,1.25,0.31,-0.19,-4.50,31.70,91.66,113.65,-45.26,44.53
16314,1.29,0.31,-0.18,-3.75,30.99,82.03,113.55,-45.86,44.65
16324,1.33,0.31,-0.17,-3.24,28.10,71.59,113.51,-46.30,44.70
16334,1.36,0.31,-0.17,-2.51,25.41,60.89,113.45,-46.62,44.79
16344,1.38,0.32,-0.17,-1.91,23.66,48.80,113.29,-46.79,45.01
16354,1.39,0.34,-0.17,-1.26,22.22,36.85,113.10,-46.85,45.29
16364,1.37,0.36,-0.17,-0.98,19.96,25.27,112.90,-46.80,45.56
16374,1.36,0.39,-0.17,-0.75,16.96,14.91,112.73,-46.67,45.79
16384,1.34,0.42,-0.17,-0.92,12.74,4.94,112.61,-46.44,45.93
16394,1.32,0.44,-0.18,-1.26,8.84,-4.20,112.47,-46.13,46.08
16404,1.29,0.46,-0.18,-1.41,5.48,-13.04,112.32,-45.76,46.25
16414,1.25,0.49,-0.18,-1.21,2.59,-20.71,112.19,-45.35,46.42
16424,1.22,0.51,-0.18,-0.70,-0.36,-27.54,112.08,-44.89,46.57
16434,1.19,0.52,-0.18,0.01,-2.85,-33.61,112.00,-44.40,46.72
16444,1.17,0.53,-0.19,1.02,-4.93,-39.69,111.93,-43.86,46.89
16454,1.15,0.53,-0.19,2.11,-6.37,-45.53,111.85,-43.28,47.09
16464,1.12,0.54,-0.20,3.17,-7.36,-51.44,111.76,-42.65,47.33
16474,1.10,0.54,-0.20,4.14,-8.58,-56.93,111.68,-41.97,47.56
16484,1.08,0.54,-0.20,4.91,-10.08,-62.07,111.62,-41.24,47.77
16494,1.06,0.55,-0.21,5.64,-11.54,-66.78,111.57,-40.49,47.97
16504,1.04,0.55,-0.21,6.47,-12.54,-71.80,111.51,-39.67,48.22
16514,1.01,0.56,-0.21,7.44,-13.16,-76.63,111.45,-38.83,48.49
16524,0.98,0.57,-0.21,8.64,-13.55,-81.04,111.40,-37.96,48.77
16534,0.95,0.58,-0.21,9.84,-14.31,-84.88,111.38,-37.06,49.04
16544,0.92,0.58,-0.21,11.19,-14.94,-88.12,111.38,-36.16,49.30
16554,0.89,0.59,-0.21,12.59,-14.99,-91.16,111.39,-35.25,49.59
16564,0.87,0.58,-0.22,13.88,-14.67,-94.02,111.40,-34.33,49.91
16574,0.85,0.57,-0.23,15.04,-14.15,-97.08,111.43,-33.38,50.24
16584,0.83,0.57,-0.23,15.50,-14.03,-100.31,111.43,-32.38,50.58
16594,0.80,0.57,-0.23,15.20,-14.87,-103.74,111.40,-31.33,50.88
16604,0.77,0.57,-0.23,14.78,-16.43,-106.82,111.41,-30.24,51.14
16614,0.74,0.57,-0.24,14.42,-18.77,-110.30,111.45,-29.10,51.35
16624,0.71,0.57,-0.25,14.21,-21.13,-114.01,111.51,-27.90,51.55
16634,0.68,0.58,-0.25,13.79,-23.52,-117.79,111.57,-26.65,51.74
16644,0.64,0.59,-0.26,13.14,-25.29,-120.65,111.61,-25.41,51.93
16654,0.61,0.60,-0.26,12.62,-25.84,-122.42,111.64,-24.22,52.16
16664,0.58,0.60,-0.26,12.71,-25.39,-123.98,111.68,-23.03,52.44
16674,0.55,0.60,-0.27,12.95,-24.20,-125.68,111.73,-21.84,52.76
16684,0.52,0.60,-0.28,12.77,-23.18,-127.39,111.79,-20.62,53.08
16694,0.49,0.60,-0.28,11.97,-22.71,-129.60,111.80,-19.36,53.40
16704,0.45,0.61,-0.27,11.19,-23.00,-131.55,111.78,-18.09,53.71
16714,0.42,0.61,-0.28,10.84,-23.67,-133.13,111.84,-16.80,53.98
16724,0.39,0.62,-0.28,10.42,-24.27,-134.45,111.90,-15.50,54.25
16734,0.35,0.62,-0.28,10.31,-24.13,-135.54,112.00,-14.17,54.54
16744,0.32,0.62,-0.29,9.91,-23.82,-136.55,112.10,-12.82,54.85
16754,0.29,0.63,-0.29,8.78,-23.68,-137.88,112.14,-11.35,55.17
16764,0.26,0.64,-0.29,7.70,-23.48,-139.05,112.12,-9.82,55.50
16774,0.22,0.65,-0.28,7.03,-23.37,-139.46,112.05,-8.35,55.84
16784,0.19,0.66,-0.27,7.19,-23.23,-139.87,112.01,-6.90,56.17
16794,0.16,0.66,-0.26,8.21,-23.00,-140.19,112.05,-5.41,56.50
16804,0.12,0.67,-0.26,9.36,-22.64,-140.35,112.13,-3.92,56.84
16814,0.09,0.68,-0.26,10.81,-22.25,-140.15,112.23,-2.46,57.18
16824,0.05,0.69,-0.26,12.59,-21.48,-139.73,112.39,-1.01,57.54
16834,0.02,0.69,-0.26,14.63,-20.96,-138.47,112.60,0.41,57.87
16844,-0.01,0.69,-0.27,16.28,-20.45,-137.28,112.83,1.82,58.21
16854,-0.04,0.70,-0.27,17.71,-20.57,-135.92,113.08,3.21,58.53
16864,-0.07,0.70,-0.28,18.77,-21.27,-134.73,113.33,4.62,58.82
16874,-0.09,0.70,-0.28,19.51,-22.65,-133.62,113.58,6.03,59.08
16884,-0.11,0.70,-0.29,19.84,-24.85,-132.85,113.83,7.46,59.30
16894,-0.14,0.70,-0.30,19.74,-27.42,-132.13,114.07,8.91,59.48
16904,-0.17,0.70,-0.31,18.81,-30.58,-130.73,114.26,10.34,59.60
16914,-0.19,0.69,-0.32,17.45,-33.40,-129.65,114.43,11.78,59.72
16924,-0.21,0.69,-0.32,16.33,-35.12,-129.40,114.60,13.23,59.88
16934,-0.24,0.69,-0.33,15.42,-35.52,-129.33,114.79,14.67,60.09
16944,-0.28,0.69,-0.33,14.39,-35.36,-128.97,114.97,16.09,60.33
16954,-0.31,0.69,-0.33,13.41,-34.70,-128.12,115.14,17.47,60.58
16964,-0.34,0.70,-0.33,12.79,-33.09,-126.66,115.34,18.78,60.87
16974,-0.37,0.70,-0.34,12.71,-30.60,-125.20,115.58,20.06,61.21
16984,-0.41,0.71,-0.34,13.65,-26.59,-123.08,115.91,21.25,61.64
16994,-0.44,0.72,-0.35,14.66,-22.15,-120.62,116.28,22.37,62.13
17004,-0.47,0.72,-0.35,15.63,-17.73,-116.86,116.67,23.40,62.62
17014,-0.50,0.72,-0.36,16.30,-14.06,-112.59,117.07,24.36,63.11
17024,-0.52,0.72,-0.37,16.26,-11.33,-108.14,117.43,25.27,63.57
17034,-0.53,0.72,-0.38,16.04,-9.37,-104.43,117.80,26.18,64.02
17044,-0.55,0.72,-0.39,15.81,-7.83,-101.48,118.18,27.09,64.49
17054,-0.57,0.72,-0.40,15.49,-6.65,-99.52,118.57,28.02,64.97
17064,-0.61,0.73,-0.41,15.26,-5.96,-98.24,118.97,28.96,65.47
17074,-0.64,0.74,-0.43,14.64,-5.91,-96.73,119.35,29.89,65.94
17084,-0.69,0.75,-0.45,12.91,-7.56,-94.59,119.62,30.82,66.30
17094,-0.73,0.77,-0.48,10.83,-9.65,-92.43,119.84,31.74,66.63
17104,-0.78,0.79,-0.50,7.93,-12.08,-89.96,119.97,32.66,66.89
17114,-0.82,0.80,-0.51,4.95,-13.88,-87.15,120.06,33.53,67.14
17124,-0.88,0.82,-0.52,1.57,-15.55,-83.04,120.05,34.32,67.32
17134,-0.92,0.84,-0.53,-1.47,-16.72,-78.41,120.00,35.06,67.46
17144,-0.97,0.85,-0.53,-4.16,-16.61,-72.37,119.94,35.66,67.59
17154,-1.01,0.88,-0.54,-6.31,-16.09,-65.68,119.84,36.18,67.68
17164,-1.05,0.90,-0.54,-8.54,-15.19,-57.06,119.67,36.54,67.70
17174,-1.08,0.91,-0.54,-10.77,-14.15,-47.75,119.44,36.78,67.65
17184,-1.10,0.92,-0.53,-12.98,-12.87,-36.38,119.12,36.84,67.50
17194,-1.11,0.93,-0.53,-14.74,-11.54,-25.06,118.78,36.80,67.30
17204,-1.11,0.93,-0.51,-16.06,-10.21,-12.89,118.39,36.60,67.02
17214,-1.10,0.92,-0.50,-16.95,-8.71,-1.56,117.99,36.33,66.73
17224,-1.08,0.91,-0.49,-17.52,-7.04,8.57,117.61,36.00,66.43
17234,-1.06,0.91,-0.47,-17.49,-4.86,18.27,117.24,35.57,66.13
17244,-1.04,0.91,-0.45,-17.42,-2.50,27.04,116.87,35.08,65.83
17254,-1.02,0.91,-0.44,-17.33,-0.40,35.89,116.49,34.49,65.51
17264,-1.00,0.90,-0.42,-17.28,1.33,44.41,116.09,33.84,65.15
17274,-0.98,0.90,-0.40,-16.77,2.31,52.94,115.69,33.12,64.74
17284,-0.95,0.89,-0.38,-15.86,2.96,60.82,115.29,32.34,64.30
17294,-0.92,0.88,-0.36,-14.71,3.31,69.03,114.90,31.48,63.82
17304,-0.90,0.88,-0.35,-13.44,3.71,76.49,114.54,30.58,63.33
17314,-0.87,0.87,-0.33,-11.80,4.25,83.93,114.20,29.60,62.83
17324,-0.84,0.86,-0.32,-10.24,5.00,90.79,113.89,28.58,62.34
17334,-0.80,0.85,-0.31,-8.10,5.39,97.45,113.61,27.49,61.82
17344,-0.77,0.84,-0.31,-5.64,5.50,103.42,113.38,26.39,61.29
17354,-0.73,0.84,-0.30,-3.07,5.30,109.11,113.19,25.26,60.75
17364,-0.69,0.82,-0.30,-0.60,5.07,114.29,113.03,24.10,60.20
17374,-0.65,0.81,-0.31,1.56,5.12,118.91,112.96,22.93,59.68
17384,-0.61,0.80,-0.33,3.10,5.67,122.91,112.92,21.72,59.19
17394,-0.56,0.79,-0.34,3.73,6.76,126.13,112.90,20.43,58.76
17404,-0.52,0.78,-0.35,3.96,7.86,128.65,112.89,19.14,58.34
17414,-0.48,0.77,-0.35,3.62,8.72,131.06,112.85,17.82,57.91
17424,-0.44,0.77,-0.36,3.09,9.29,133.30,112.82,16.48,57.47
17434,-0.40,0.76,-0.36,2.56,9.40,135.49,112.78,15.10,57.01
17444,-0.36,0.75,-0.36,1.87,9.39,137.10,112.74,13.74,56.55
17454,-0.32,0.74,-0.37,1.11,10.05,138.03,112.70,12.34,56.13
17464,-0.28,0.74,-0.37,0.13,11.01,138.46,112.66,10.95,55.73
17474,-0.25,0.73,-0.37,-1.64,12.05,138.77,112.58,9.53,55.35
17484,-0.21,0.72,-0.36,-3.79,12.33,138.96,112.43,8.09,54.94
17494,-0.16,0.72,-0.35,-5.35,11.37,139.04,112.29,6.67,54.48
17504,-0.12,0.71,-0.34,-6.64,9.81,138.89,112.14,5.26,53.99
17514,-0.07,0.70,-0.34,-7.67,7.55,137.94,112.00,3.91,53.48
17524,-0.03,0.70,-0.34,-8.67,5.40,136.60,111.89,2.60,52.96
17534,0.00,0.69,-0.34,-9.90,3.13,134.76,111.75,1.33,52.43
17544,0.04,0.69,-0.34,-11.28,0.83,133.20,111.61,0.07,51.88
17554,0.08,0.68,-0.33,-12.66,-1.54,131.59,111.45,-1.16,51.32
17564,0.12,0.68,-0.32,-13.67,-3.69,129.83,111.31,-2.38,50.76
17574,0.16,0.67,-0.32,-14.24,-5.54,127.94,111.18,-3.56,50.20
17584,0.21,0.66,-0.31,-14.73,-6.66,125.39,111.07,-4.71,49.68
17594,0.25,0.66,-0.30,-14.96,-7.17,122.44,110.96,-5.82,49.19
17604,0.29,0.65,-0.29,-14.54,-6.68,118.84,110.88,-6.88,48.78
17614,0.34,0.65,-0.28,-13.57,-5.81,114.94,110.83,-7.91,48.40
17624,0.38,0.66,-0.28,-12.07,-5.27,110.22,110.82,-8.86,48.04
17634,0.41,0.66,-0.27,-10.57,-5.55,105.73,110.84,-9.76,47.66
17644,0.44,0.67,-0.28,-9.24,-6.91,100.67,110.88,-10.58,47.25
17654,0.47,0.66,-0.29,-8.29,-8.63,95.66,110.93,-11.34,46.82
17664,0.51,0.66,-0.30,-7.94,-9.85,89.97,110.97,-12.02,46.43
17674,0.54,0.66,-0.31,-7.82,-10.22,84.13,110.99,-12.66,46.09
17684,0.57,0.66,-0.32,-8.30,-9.00,77.72,110.96,-13.24,45.86
17694,0.60,0.66,-0.33,-8.58,-7.23,71.34,110.92,-13.78,45.68
17704,0.63,0.66,-0.33,-8.38,-4.70,64.48,110.88,-14.25,45.60
17714,0.65,0.67,-0.32,-7.90,-2.20,57.69,110.84,-14.67,45.56
17724,0.67,0.67,-0.32,-7.09,0.32,50.52,110.80,-15.02,45.58
17734,0.69,0.67,-0.32,-6.17,2.17,43.73,110.78,-15.31,45.61
17744,0.71,0.68,-0.32,-5.52,3.47,36.35,110.74,-15.51,45.66
17754,0.72,0.69,-0.32,-5.15,4.41,29.35,110.70,-15.66,45.73
17764,0.73,0.69,-0.31,-5.11,5.20,21.74,110.62,-15.72,45.85
17774,0.73,0.70,-0.31,-4.98,5.89,14.49,110.55,-15.72,45.98
17784,0.73,0.71,-0.31,-4.80,6.67,7.25,110.46,-15.66,46.15
17794,0.72,0.72,-0.31,-4.62,7.14,0.44,110.38,-15.54,46.34
17804,0.72,0.73,-0.31,-4.22,7.84,-6.42,110.30,-15.37,46.56
17814,0.70,0.74,-0.31,-3.84,8.55,-12.71,110.21,-15.17,46.81
17824,0.69,0.75,-0.30,-3.57,9.33,-18.85,110.12,-14.91,47.08
17834,0.68,0.76,-0.30,-3.26,10.09,-24.61,110.02,-14.62,47.38
17844,0.66,0.76,-0.29,-2.49,10.98,-30.64,109.94,-14.26,47.72
17854,0.64,0.77,-0.28,-1.37,11.85,-36.14,109.87,-13.87,48.07
17864,0.63,0.77,-0.28,0.04,12.46,-41.57,109.83,-13.43,48.44
17874,0.61,0.78,-0.28,1.22,12.66,-46.66,109.80,-12.95,48.81
17884,0.59,0.78,-0.27,2.23,12.23,-51.70,109.78,-12.42,49.16
17894,0.57,0.78,-0.27,3.18,11.32,-56.30,109.78,-11.85,49.49
17904,0.55,0.77,-0.27,3.85,10.08,-60.99,109.78,-11.23,49.82
17914,0.54,0.77,-0.27,4.24,8.84,-65.62,109.78,-10.56,50.14
17924,0.51,0.77,-0.27,4.46,7.84,-69.94,109.77,-9.86,50.48
17934,0.49,0.77,-0.27,5.15,7.23,-74.61,109.77,-9.11,50.85
17944,0.46,0.77,-0.26,6.13,6.63,-78.86,109.80,-8.32,51.22
17954,0.43,0.77,-0.26,7.69,6.00,-82.99,109.87,-7.51,51.60
17964,0.41,0.77,-0.26,9.39,5.43,-86.98,109.98,-6.66,51.98
17974,0.38,0.77,-0.27,10.77,4.79,-90.80,110.12,-5.79,52.36
17984,0.35,0.77,-0.27,11.57,4.21,-94.26,110.25,-4.89,52.76
17994,0.32,0.77,-0.27,11.78,3.46,-97.49,110.33,-3.97,53.14
18004,0.29,0.76,-0.27,12.18,2.55,-100.29,110.43,-3.03,53.52
18014,0.26,0.76,-0.27,12.90,1.44,-103.18,110.55,-2.05,53.90
18024,0.23,0.75,-0.27,13.81,0.06,-105.59,110.72,-1.07,54.25
18034,0.20,0.75,-0.27,14.84,-1.55,-108.00,110.87,-0.04,54.60
18044,0.17,0.74,-0.27,15.79,-3.15,-110.01,111.07,0.98,54.93
18054,0.13,0.73,-0.27,16.92,-4.81,-112.15,111.35,2.06,55.26
18064,0.11,0.72,-0.28,17.73,-6.10,-114.55,111.65,3.20,55.61
18074,0.08,0.72,-0.28,18.40,-6.34,-117.21,111.97,4.45,56.03
18084,0.04,0.72,-0.29,18.86,-6.23,-119.39,112.27,5.75,56.46
18094,0.00,0.71,-0.29,19.16,-5.73,-121.31,112.57,7.06,56.93
18104,-0.03,0.71,-0.30,19.41,-5.13,-122.86,112.86,8.37,57.41
18114,-0.07,0.71,-0.30,19.57,-4.25,-124.11,113.17,9.67,57.92
18124,-0.10,0.71,-0.30,19.88,-3.29,-125.41,113.48,10.98,58.45
18134,-0.14,0.71,-0.31,20.16,-1.78,-126.79,113.82,12.29,59.03
18144,-0.18,0.71,-0.31,20.51,-0.35,-127.97,114.17,13.60,59.64
18154,-0.22,0.72,-0.32,20.83,0.33,-128.54,114.55,14.89,60.22
18164,-0.26,0.72,-0.32,20.95,0.47,-128.73,114.93,16.17,60.80
18174,-0.30,0.72,-0.33,21.02,-0.16,-128.69,115.30,17.46,61.35
18184,-0.33,0.72,-0.33,21.05,-0.86,-128.57,115.68,18.74,61.89
18194,-0.36,0.72,-0.34,21.08,-1.40,-128.35,116.09,20.01,62.45
18204,-0.40,0.72,-0.34,21.34,-1.61,-127.83,116.53,21.26,63.03
18214,-0.43,0.72,-0.36,21.39,-1.65,-127.43,116.98,22.51,63.63
18224,-0.46,0.72,-0.36,21.58,-1.81,-126.97,117.46,23.74,64.23
18234,-0.49,0.72,-0.37,21.33,-2.18,-126.48,117.92,24.97,64.84
18244,-0.52,0.72,-0.38,21.01,-2.73,-125.79,118.39,26.19,65.44
18254,-0.56,0.73,-0.39,20.57,-3.26,-124.45,118.85,27.37,66.03
18264,-0.59,0.73,-0.40,20.24,-3.96,-122.84,119.32,28.53,66.61
18274,-0.63,0.73,-0.41,19.68,-4.85,-120.78,119.78,29.66,67.17
18284,-0.66,0.74,-0.43,18.82,-5.70,-118.10,120.22,30.75,67.71
18294,-0.69,0.75,-0.44,18.05,-6.27,-115.56,120.68,31.81,68.26
18304,-0.72,0.75,-0.46,17.64,-6.43,-112.58,121.15,32.82,68.82
18314,-0.76,0.77,-0.47,17.31,-6.10,-109.39,121.63,33.78,69.38
18324,-0.80,0.77,-0.48,17.18,-5.51,-105.09,122.12,34.65,69.92
18334,-0.83,0.78,-0.50,16.84,-5.11,-100.28,122.58,35.46,70.43
18344,-0.87,0.80,-0.53,15.94,-5.32,-94.24,122.98,36.19,70.86
18354,-0.90,0.81,-0.54,14.40,-5.77,-88.32,123.31,36.88,71.24
18364,-0.93,0.81,-0.56,12.51,-6.09,-82.09,123.58,37.51,71.58
18374,-0.96,0.82,-0.57,10.45,-5.68,-76.39,123.85,38.09,71.93
18384,-1.00,0.83,-0.58,8.31,-4.45,-70.54,124.09,38.58,72.29
18394,-1.04,0.84,-0.60,5.90,-2.79,-64.32,124.28,39.00,72.64
18404,-1.06,0.84,-0.61,2.39,-1.45,-56.43,124.33,39.29,72.87
18414,-1.09,0.85,-0.61,-1.15,-0.46,-48.16,124.27,39.50,73.02
18424,-1.10,0.86,-0.60,-4.24,0.14,-38.98,124.12,39.60,73.06
18434,-1.11,0.86,-0.59,-6.85,0.48,-29.95,123.91,39.64,73.02
18444,-1.12,0.86,-0.58,-9.13,0.49,-19.99,123.62,39.57,72.87
18454,-1.11,0.86,-0.57,-11.16,0.80,-10.27,123.29,39.41,72.67
18464,-1.10,0.86,-0.56,-12.70,1.60,0.06,122.91,39.13,72.41
18474,-1.08,0.86,-0.54,-13.82,2.64,9.81,122.53,38.78,72.12
18484,-1.06,0.85,-0.53,-14.55,4.14,19.74,122.14,38.32,71.80
18494,-1.04,0.84,-0.51,-15.17,5.53,28.84,121.74,37.80,71.47
18504,-1.02,0.83,-0.50,-15.72,6.66,37.77,121.31,37.21,71.09
18514,-1.00,0.82,-0.49,-16.26,7.33,45.90,120.86,36.58,70.67
18524,-0.98,0.82,-0.47,-17.10,7.66,53.80,120.36,35.89,70.21
18534,-0.95,0.81,-0.46,-18.05,7.91,60.90,119.85,35.17,69.73
18544,-0.93,0.80,-0.44,-18.85,8.18,67.58,119.32,34.40,69.24
18554,-0.91,0.80,-0.43,-19.23,8.50,73.40,118.82,33.59,68.76
18564,-0.89,0.80,-0.41,-19.30,8.53,79.48,118.31,32.73,68.24
18574,-0.87,0.79,-0.40,-19.35,8.06,85.32,117.79,31.84,67.68
18584,-0.85,0.79,-0.39,-19.23,6.91,91.36,117.27,30.90,67.06
18594,-0.82,0.78,-0.38,-19.09,5.52,97.00,116.73,29.93,66.42
18604,-0.80,0.78,-0.38,-18.73,4.02,101.93,116.23,28.95,65.76
18614,-0.77,0.78,-0.37,-18.44,2.72,106.81,115.73,27.93,65.10
18624,-0.74,0.77,-0.36,-18.28,1.65,111.21,115.23,26.88,64.44
18634,-0.70,0.77,-0.36,-17.66,0.71,115.33,114.77,25.80,63.78
18644,-0.67,0.76,-0.35,-16.97,0.18,119.12,114.36,24.70,63.14
18654,-0.64,0.76,-0.35,-15.90,-0.27,122.80,113.98,23.56,62.50
18664,-0.60,0.75,-0.35,-14.85,-0.74,125.90,113.63,22.42,61.87
18674,-0.57,0.75,-0.35,-13.85,-1.56,128.74,113.32,21.27,61.24
18684,-0.54,0.75,-0.35,-13.02,-2.37,131.14,113.04,20.10,60.60
18694,-0.50,0.75,-0.35,-12.26,-3.25,133.10,112.80,18.91,59.98
18704,-0.46,0.75,-0.36,-11.79,-4.33,134.92,112.59,17.66,59.35
18714,-0.42,0.75,-0.36,-11.85,-5.51,136.46,112.36,16.38,58.71
18724,-0.38,0.75,-0.36,-12.23,-6.82,137.88,112.12,15.08,58.05
18734,-0.35,0.75,-0.36,-12.41,-8.17,138.88,111.91,13.78,57.39
18744,-0.31,0.74,-0.36,-12.64,-9.59,139.88,111.69,12.45,56.72
18754,-0.27,0.74,-0.35,-12.44,-11.15,140.97,111.48,11.07,56.01
18764,-0.24,0.74,-0.34,-11.86,-12.21,141.81,111.31,9.70,55.33
18774,-0.20,0.73,-0.34,-10.63,-12.59,142.13,111.20,8.31,54.68
18784,-0.17,0.73,-0.34,-9.48,-12.47,141.95,111.12,6.95,54.06
18794,-0.13,0.72,-0.34,-8.92,-11.47,140.84,111.06,5.62,53.50
18804,-0.10,0.72,-0.34,-8.76,-10.49,139.71,110.97,4.28,52.96
18814,-0.06,0.71,-0.33,-9.03,-9.62,138.49,110.87,2.95,52.43
18824,-0.02,0.71,-0.32,-9.29,-9.13,137.35,110.76,1.62,51.89
18834,0.02,0.71,-0.31,-9.43,-9.01,135.95,110.65,0.32,51.35
18844,0.06,0.70,-0.30,-9.35,-9.18,134.27,110.57,-0.95,50.81
18854,0.09,0.70,-0.29,-8.85,-9.56,131.98,110.51,-2.18,50.27
18864,0.13,0.70,-0.29,-8.26,-10.09,129.52,110.49,-3.37,49.74
18874,0.16,0.70,-0.29,-7.26,-10.96,126.60,110.50,-4.51,49.20
18884,0.19,0.70,-0.29,-6.64,-12.03,123.84,110.52,-5.62,48.65
18894,0.22,0.70,-0.30,-6.54,-13.20,120.93,110.54,-6.69,48.09
18904,0.26,0.69,-0.30,-6.75,-13.72,118.10,110.55,-7.75,47.56
18914,0.29,0.69,-0.30,-7.16,-13.26,114.68,110.56,-8.77,47.09
18924,0.32,0.68,-0.30,-7.47,-12.18,110.98,110.55,-9.75,46.67
18934,0.36,0.68,-0.30,-7.54,-10.27,106.74,110.54,-10.69,46.33
18944,0.39,0.69,-0.29,-7.57,-8.57,102.85,110.53,-11.61,46.00
18954,0.41,0.70,-0.29,-7.28,-7.66,99.48,110.54,-12.51,45.65
18964,0.44,0.70,-0.29,-6.46,-7.62,96.16,110.60,-13.37,45.28
18974,0.47,0.71,-0.29,-5.42,-7.85,92.96,110.68,-14.20,44.90
18984,0.51,0.70,-0.30,-4.14,-7.64,89.25,110.79,-14.98,44.56
18994,0.54,0.70,-0.30,-2.85,-6.87,85.11,110.91,-15.72,44.27
19004,0.58,0.69,-0.31,-1.85,-5.49,79.85,111.02,-16.38,44.04
19014,0.61,0.68,-0.33,-1.41,-3.97,74.53,111.10,-16.99,43.85
19024,0.64,0.68,-0.33,-1.76,-2.22,68.43,111.12,-17.53,43.73
19034,0.66,0.68,-0.34,-2.28,-0.87,62.25,111.13,-18.00,43.62
19044,0.69,0.68,-0.34,-2.91,0.36,55.46,111.11,-18.39,43.56
19054,0.72,0.67,-0.34,-3.53,1.40,48.82,111.07,-18.73,43.53
19064,0.74,0.68,-0.34,-4.12,2.49,41.96,111.02,-19.00,43.54
19074,0.76,0.68,-0.34,-4.43,3.38,35.52,110.97,-19.22,43.56
19084,0.77,0.69,-0.34,-4.51,4.40,28.33,110.90,-19.35,43.65
19094,0.78,0.70,-0.33,-4.63,5.30,21.43,110.82,-19.43,43.75
19104,0.78,0.70,-0.33,-4.56,6.03,14.07,110.74,-19.43,43.90
19114,0.79,0.71,-0.33,-4.72,6.74,7.04,110.64,-19.38,44.07
19124,0.78,0.72,-0.33,-4.87,7.49,-0.13,110.52,-19.25,44.28
19134,0.78,0.72,-0.32,-4.77,8.16,-6.77,110.41,-19.08,44.51
19144,0.78,0.73,-0.32,-4.52,8.85,-13.32,110.29,-18.86,44.77
19154,0.78,0.73,-0.31,-3.88,9.50,-19.53,110.19,-18.59,45.05
19164,0.78,0.72,-0.31,-3.41,10.42,-26.32,110.08,-18.25,45.38
19174,0.77,0.72,-0.31,-3.04,11.75,-33.38,109.96,-17.84,45.76
19184,0.76,0.73,-0.31,-2.89,13.03,-41.20,109.81,-17.33,46.20
19194,0.73,0.73,-0.30,-2.58,13.94,-48.46,109.66,-16.76,46.65
19204,0.71,0.74,-0.29,-1.95,14.57,-54.93,109.53,-16.16,47.10
19214,0.68,0.74,-0.28,-1.07,14.56,-60.60,109.44,-15.54,47.53
19224,0.66,0.74,-0.28,-0.21,13.89,-66.30,109.36,-14.84,47.95
19234,0.63,0.74,-0.27,0.66,13.45,-71.78,109.29,-14.10,48.38
19244,0.60,0.74,-0.27,1.46,13.02,-77.57,109.22,-13.30,48.84
19254,0.57,0.73,-0.26,2.28,12.72,-82.87,109.17,-12.46,49.30
19264,0.53,0.73,-0.25,3.20,12.31,-87.89,109.13,-11.58,49.77
19274,0.50,0.73,-0.25,4.35,11.66,-92.45,109.12,-10.68,50.23
19284,0.46,0.73,-0.25,5.56,10.22,-96.62,109.15,-9.73,50.65
19294,0.43,0.73,-0.25,6.61,8.43,-100.31,109.20,-8.76,51.04
19304,0.39,0.73,-0.25,7.40,6.54,-103.73,109.26,-7.77,51.42
19314,0.36,0.72,-0.25,7.98,4.79,-107.32,109.32,-6.72,51.81
19324,0.34,0.72,-0.25,8.42,3.34,-110.60,109.38,-5.66,52.20
19334,0.30,0.73,-0.25,9.06,2.06,-114.17,109.44,-4.55,52.60
19344,0.27,0.73,-0.25,10.08,0.93,-117.44,109.53,-3.41,53.00
19354,0.23,0.73,-0.25,11.44,0.00,-120.45,109.72,-2.25,53.41
19364,0.19,0.73,-0.26,12.61,-0.71,-122.84,109.96,-0.97,53.82
19374,0.15,0.73,-0.26,13.69,-0.99,-125.00,110.22,0.30,54.26
19384,0.11,0.73,-0.27,14.76,-0.51,-126.85,110.45,1.66,54.74
19394,0.08,0.74,-0.26,16.13,0.60,-128.38,110.63,2.98,55.26
19404,0.04,0.74,-0.27,17.51,1.60,-129.50,110.89,4.33,55.79
19414,0.00,0.74,-0.27,19.07,2.17,-130.25,111.19,5.67,56.31
19424,-0.03,0.74,-0.27,20.44,2.51,-131.02,111.51,7.02,56.84
19434,-0.07,0.74,-0.28,21.63,2.23,-131.90,111.87,8.38,57.36
19444,-0.10,0.74,-0.29,22.85,1.62,-132.61,112.25,9.76,57.87
19454,-0.14,0.74,-0.30,23.76,0.94,-133.36,112.64,11.14,58.38
19464,-0.18,0.73,-0.31,24.50,0.27,-134.04,113.04,12.52,58.91
19474,-0.21,0.73,-0.31,25.07,0.04,-134.36,113.45,13.88,59.45
19484,-0.25,0.73,-0.31,25.43,0.19,-134.61,113.87,15.23,60.02
19494,-0.28,0.73,-0.31,25.82,1.14,-134.59,114.31,16.55,60.64
19504,-0.31,0.72,-0.31,26.30,2.09,-134.47,114.78,17.85,61.28
19514,-0.35,0.72,-0.31,27.07,3.16,-134.26,115.28,19.14,61.94
19524,-0.38,0.72,-0.31,27.97,3.83,-133.74,115.81,20.40,62.61
19534,-0.41,0.72,-0.32,28.74,3.63,-132.71,116.35,21.66,63.24
19544,-0.44,0.72,-0.32,29.57,2.52,-131.85,116.91,22.92,63.84
19554,-0.47,0.72,-0.33,30.41,0.32,-130.80,117.46,24.19,64.39
19564,-0.51,0.72,-0.34,31.18,-2.02,-129.86,118.03,25.47,64.93
19574,-0.55,0.72,-0.36,32.00,-4.71,-128.73,118.63,26.75,65.44
19584,-0.59,0.72,-0.39,32.27,-7.55,-127.38,119.22,28.01,65.94
19594,-0.64,0.72,-0.42,31.25,-10.79,-125.75,119.75,29.27,66.39
19604,-0.68,0.73,-0.45,29.46,-13.73,-123.89,120.23,30.52,66.83
19614,-0.73,0.74,-0.48,26.59,-16.82,-122.05,120.63,31.76,67.24
19624,-0.79,0.75,-0.51,23.37,-19.44,-119.90,120.98,32.98,67.64
19634,-0.85,0.76,-0.53,19.44,-21.67,-116.93,121.25,34.14,68.00
19644,-0.90,0.77,-0.56,15.59,-23.11,-113.35,121.48,35.24,68.36
19654,-0.97,0.79,-0.58,11.69,-23.54,-109.34,121.68,36.28,68.72
19664,-1.03,0.81,-0.60,7.44,-22.84,-103.11,121.80,37.15,69.04
19674,-1.09,0.83,-0.61,3.14,-21.69,-95.87,121.85,37.92,69.32
19684,-1.14,0.85,-0.61,-1.33,-20.33,-86.15,121.77,38.51,69.49
19694,-1.18,0.87,-0.61,-5.39,-18.76,-75.66,121.62,38.96,69.58
19704,-1.21,0.89,-0.61,-8.73,-16.12,-62.95,121.41,39.20,69.60
19714,-1.23,0.90,-0.59,-11.23,-12.84,-49.80,121.17,39.27,69.57
19724,-1.22,0.90,-0.57,-12.68,-8.80,-34.79,120.90,39.11,69.47
19734,-1.20,0.90,-0.55,-13.50,-4.94,-20.34,120.62,38.83,69.32
19744,-1.17,0.89,-0.52,-13.02,-0.94,-6.04,120.37,38.41,69.13
19754,-1.14,0.87,-0.50,-11.99,3.17,6.69,120.16,37.90,68.96
19764,-1.10,0.86,-0.48,-10.56,7.11,18.13,119.98,37.32,68.78
19774,-1.06,0.85,-0.46,-9.51,10.49,28.01,119.80,36.71,68.59
19784,-1.03,0.83,-0.45,-9.12,12.77,36.43,119.58,36.09,68.38
19794,-1.00,0.83,-0.44,-9.18,13.84,43.71,119.31,35.46,68.12
19804,-0.98,0.82,-0.43,-10.17,13.01,50.52,118.93,34.83,67.74
19814,-0.95,0.82,-0.42,-11.57,11.21,57.06,118.48,34.17,67.28
19824,-0.92,0.81,-0.41,-13.08,8.54,63.66,117.95,33.48,66.72
19834,-0.89,0.81,-0.40,-14.20,6.13,69.86,117.41,32.74,66.14
19844,-0.86,0.81,-0.38,-14.60,4.58,75.70,116.90,31.95,65.56
19854,-0.83,0.81,-0.37,-14.33,3.83,80.88,116.45,31.13,65.01
19864,-0.81,0.80,-0.36,-13.57,3.75,85.91,116.06,30.26,64.48
19874,-0.79,0.80,-0.36,-12.88,4.05,90.53,115.69,29.35,63.98
19884,-0.78,0.80,-0.36,-12.44,4.33,95.48,115.32,28.39,63.46
19894,-0.76,0.80,-0.36,-12.10,4.35,99.98,114.95,27.41,62.93
19904,-0.74,0.79,-0.35,-11.58,3.75,104.86,114.58,26.38,62.35
19914,-0.72,0.80,-0.35,-11.07,2.83,109.68,114.23,25.31,61.75
19924,-0.70,0.79,-0.35,-10.59,1.92,114.68,113.88,24.20,61.13
19934,-0.67,0.79,-0.35,-10.28,1.27,119.28,113.55,23.06,60.51
19944,-0.64,0.78,-0.35,-9.79,1.56,123.89,113.26,21.85,59.93
19954,-0.61,0.78,-0.36,-9.01,2.57,128.03,113.06,20.60,59.40
19964,-0.57,0.77,-0.37,-8.19,4.40,131.60,112.91,19.30,58.94
19974,-0.54,0.76,-0.37,-7.47,6.39,134.50,112.77,18.00,58.49
19984,-0.50,0.76,-0.37,-7.33,8.31,136.91,112.63,16.68,58.08
19994,-0.47,0.76,-0.37,-7.52,9.25,138.88,112.49,15.36,57.63
20004,-0.44,0.76,-0.38,-8.17,9.56,140.64,112.33,14.03,57.17
20014,-0.41,0.75,-0.38,-9.10,8.94,142.65,112.16,12.68,56.67
20024,-0.37,0.75,-0.38,-10.08,7.84,144.40,111.99,11.32,56.14
20034,-0.33,0.74,-0.37,-11.16,6.54,146.01,111.82,9.92,55.59
20044,-0.30,0.74,-0.37,-11.99,5.36,147.12,111.66,8.55,55.04
20054,-0.27,0.74,-0.37,-12.75,4.72,147.60,111.51,7.17,54.52
20064,-0.23,0.73,-0.37,-13.90,4.10,147.70,111.35,5.78,54.00
20074,-0.20,0.73,-0.36,-15.60,3.82,147.87,111.17,4.35,53.49
20084,-0.16,0.72,-0.35,-17.07,3.39,148.08,110.95,2.86,52.98
20094,-0.12,0.72,-0.33,-17.76,2.25,148.35,110.70,1.36,52.42
20104,-0.07,0.71,-0.31,-17.84,0.54,148.50,110.50,-0.12,51.84
20114,-0.03,0.71,-0.30,-17.35,-2.02,148.30,110.36,-1.58,51.21
20124,0.01,0.70,-0.30,-16.87,-4.71,147.85,110.26,-3.00,50.56
20134,0.04,0.69,-0.29,-16.67,-7.62,146.84,110.17,-4.39,49.88
20144,0.09,0.68,-0.29,-16.60,-10.02,145.61,110.09,-5.75,49.21
20154,0.12,0.67,-0.28,-16.52,-10.96,143.67,110.01,-7.09,48.60
20164,0.15,0.67,-0.27,-16.12,-11.23,141.74,109.93,-8.42,48.02
20174,0.18,0.67,-0.26,-15.07,-11.44,140.05,109.90,-9.74,47.45
20184,0.20,0.67,-0.26,-13.62,-11.82,138.64,109.92,-11.06,46.86
20194,0.24,0.67,-0.25,-11.64,-13.04,137.46,110.00,-12.35,46.23
20204,0.27,0.67,-0.25,-9.50,-14.60,136.19,110.13,-13.62,45.56
20214,0.30,0.66,-0.26,-7.29,-15.97,134.86,110.35,-14.87,44.89
20224,0.33,0.65,-0.27,-5.50,-16.56,133.13,110.57,-16.10,44.24
20234,0.37,0.65,-0.28,-4.37,-16.25,130.61,110.77,-17.28,43.64
20244,0.40,0.65,-0.29,-3.52,-15.44,128.11,110.97,-18.45,43.07
20254,0.43,0.65,-0.29,-2.69,-15.18,125.38,111.18,-19.58,42.48
20264,0.45,0.65,-0.29,-1.99,-15.25,122.81,111.41,-20.69,41.89
20274,0.48,0.65,-0.30,-1.25,-15.69,119.99,111.68,-21.74,41.28
20284,0.50,0.66,-0.32,-0.83,-15.92,117.07,111.95,-22.77,40.67
20294,0.52,0.65,-0.33,-1.01,-15.95,113.63,112.20,-23.74,40.08
20304,0.55,0.65,-0.34,-1.48,-15.81,110.32,112.44,-24.69,39.50
20314,0.57,0.65,-0.34,-2.09,-15.04,107.08,112.66,-25.62,38.97
20324,0.60,0.65,-0.34,-2.19,-13.69,104.15,112.87,-26.55,38.47
20334,0.62,0.65,-0.35,-1.83,-11.20,101.19,113.09,-27.48,38.05
20344,0.65,0.64,-0.35,-1.44,-8.81,98.13,113.30,-28.38,37.66
20354,0.68,0.63,-0.36,-1.26,-6.21,94.94,113.50,-29.26,37.31
20364,0.71,0.61,-0.37,-1.57,-3.32,91.15,113.64,-30.09,37.03
20374,0.75,0.60,-0.36,-2.31,-0.62,87.36,113.73,-30.90,36.78
20384,0.79,0.59,-0.36,-3.33,2.24,82.72,113.76,-31.65,36.62
20394,0.82,0.58,-0.35,-3.78,5.28,77.54,113.77,-32.35,36.52
20404,0.85,0.58,-0.35,-3.75,8.30,71.76,113.76,-32.98,36.50
20414,0.88,0.57,-0.34,-3.41,10.79,65.93,113.75,-33.56,36.51
20424,0.90,0.57,-0.34,-3.09,12.59,59.63,113.71,-34.06,36.56
20434,0.92,0.58,-0.33,-3.01,13.56,53.66,113.68,-34.51,36.59
20444,0.94,0.57,-0.33,-2.88,13.78,47.38,113.64,-34.88,36.64
20454,0.95,0.57,-0.32,-2.73,13.72,41.24,113.59,-35.19,36.70
20464,0.97,0.57,-0.32,-2.22,13.71,34.25,113.53,-35.41,36.82
20474,0.97,0.57,-0.32,-1.69,14.01,27.78,113.46,-35.60,36.97
20484,0.97,0.57,-0.32,-1.66,13.81,21.07,113.37,-35.70,37.13
20494,0.97,0.58,-0.33,-1.83,13.11,14.92,113.27,-35.77,37.28
20504,0.97,0.59,-0.32,-2.53,11.61,8.55,113.15,-35.74,37.41
20514,0.96,0.59,-0.32,-3.36,10.12,2.41,113.02,-35.66,37.56
20524,0.95,0.60,-0.32,-3.89,9.28,-3.82,112.85,-35.53,37.75
20534,0.94,0.61,-0.31,-4.13,8.97,-9.35,112.66,-35.37,37.99
20544,0.93,0.62,-0.31,-4.05,9.05,-14.59,112.48,-35.19,38.25
20554,0.92,0.62,-0.31,-3.97,9.31,-19.28,112.29,-34.99,38.54
20564,0.91,0.62,-0.31,-3.66,9.48,-24.16,112.10,-34.73,38.85
20574,0.90,0.62,-0.31,-3.30,9.64,-28.97,111.91,-34.43,39.17
20584,0.88,0.63,-0.31,-3.73,9.51,-33.86,111.69,-34.08,39.50
20594,0.86,0.63,-0.30,-4.57,9.48,-38.33,111.43,-33.70,39.84
20604,0.85,0.64,-0.29,-5.24,9.69,-42.71,111.14,-33.28,40.22
20614,0.84,0.63,-0.29,-5.39,9.99,-46.77,110.87,-32.84,40.62
20624,0.83,0.63,-0.28,-4.96,10.85,-51.06,110.59,-32.36,41.06
20634,0.81,0.64,-0.27,-4.09,11.62,-55.29,110.34,-31.85,41.52
20644,0.80,0.64,-0.26,-2.97,12.12,-59.56,110.11,-31.28,41.99
20654,0.78,0.64,-0.26,-1.92,12.52,-63.62,109.89,-30.69,42.46
20664,0.76,0.64,-0.25,-1.31,12.94,-68.06,109.65,-30.04,42.96
20674,0.75,0.64,-0.25,-0.95,12.95,-72.35,109.42,-29.35,43.45
20684,0.73,0.64,-0.24,-0.67,13.08,-76.82,109.18,-28.61,43.95
20694,0.71,0.65,-0.23,-0.40,12.96,-81.09,108.93,-27.82,44.46
20704,0.69,0.65,-0.23,0.01,12.66,-84.85,108.71,-27.02,44.95
20714,0.66,0.66,-0.22,0.65,12.31,-88.43,108.51,-26.19,45.44
20724,0.64,0.66,-0.22,1.29,11.96,-91.52,108.32,-25.34,45.92
20734,0.62,0.66,-0.21,1.94,11.50,-94.39,108.16,-24.47,46.40
20744,0.60,0.66,-0.21,2.77,11.24,-97.13,108.03,-23.58,46.87
20754,0.58,0.66,-0.22,3.67,10.85,-100.28,107.92,-22.65,47.34
20764,0.55,0.66,-0.22,4.55,10.07,-103.07,107.84,-21.70,47.79
20774,0.53,0.67,-0.22,5.32,8.75,-106.33,107.79,-20.68,48.21
20784,0.50,0.67,-0.22,6.08,7.59,-109.70,107.74,-19.63,48.64
20794,0.47,0.67,-0.23,6.84,6.33,-112.93,107.73,-18.55,49.05
20804,0.44,0.67,-0.23,7.05,5.26,-115.75,107.72,-17.45,49.45
20814,0.41,0.68,-0.24,6.84,4.64,-118.79,107.73,-16.28,49.87
20824,0.38,0.69,-0.23,6.50,4.47,-121.48,107.61,-15.12,50.33
20834,0.34,0.70,-0.23,6.75,4.52,-123.54,107.51,-13.79,50.81
20844,0.30,0.70,-0.23,7.35,4.72,-125.12,107.45,-12.47,51.28
20854,0.27,0.71,-0.23,8.24,5.15,-126.68,107.45,-11.11,51.76
20864,0.23,0.72,-0.23,8.87,5.59,-127.96,107.50,-9.75,52.23
20874,0.20,0.72,-0.23,9.20,5.65,-128.58,107.55,-8.40,52.68
20884,0.16,0.73,-0.24,9.43,5.49,-128.93,107.60,-7.06,53.13
20894,0.13,0.73,-0.24,9.79,5.19,-129.09,107.69,-5.73,53.56
20904,0.11,0.73,-0.24,10.01,5.10,-129.25,107.76,-4.39,54.00
20914,0.08,0.73,-0.23,10.72,5.55,-130.14,107.85,-3.03,54.48
20924,0.05,0.73,-0.23,11.65,6.26,-131.13,107.97,-1.66,54.99
20934,0.02,0.74,-0.24,12.69,7.00,-132.05,108.13,-0.28,55.50
20944,-0.01,0.74,-0.24,13.34,7.42,-132.53,108.29,1.08,56.01
20954,-0.03,0.75,-0.24,13.82,7.52,-132.89,108.44,2.43,56.51
20964,-0.06,0.76,-0.23,14.69,7.57,-133.31,108.61,3.79,57.01
20974,-0.10,0.77,-0.23,16.21,7.11,-133.49,108.85,5.15,57.49
20984,-0.13,0.77,-0.23,17.84,6.38,-133.25,109.13,6.50,57.95
20994,-0.16,0.78,-0.24,19.41,4.84,-132.47,109.43,7.84,58.37
21004,-0.18,0.78,-0.24,20.68,3.14,-131.53,109.72,9.16,58.77
21014,-0.20,0.78,-0.24,22.23,1.89,-131.00,110.06,10.49,59.18
21024,-0.22,0.78,-0.25,23.97,1.22,-130.70,110.45,11.82,59.62
21034,-0.25,0.77,-0.26,25.97,0.82,-130.70,110.89,13.16,60.09
21044,-0.28,0.77,-0.27,27.74,0.65,-130.66,111.37,14.49,60.58
21054,-0.31,0.77,-0.28,29.15,0.57,-130.93,111.87,15.83,61.09
21064,-0.34,0.77,-0.29,30.29,0.21,-131.10,112.38,17.17,61.60
21074,-0.38,0.77,-0.31,31.06,-0.28,-131.15,112.90,18.50,62.11
21084,-0.41,0.77,-0.32,31.27,-1.88,-130.55,113.39,19.82,62.58
21094,-0.46,0.77,-0.34,31.17,-4.12,-129.58,113.87,21.14,63.00
21104,-0.50,0.77,-0.36,30.54,-6.96,-128.28,114.32,22.45,63.37
21114,-0.54,0.78,-0.38,29.86,-9.38,-127.13,114.77,23.75,63.75
21124,-0.59,0.78,-0.41,28.81,-10.93,-125.58,115.22,25.01,64.15
21134,-0.64,0.79,-0.43,27.38,-11.49,-123.73,115.66,26.23,64.58
21144,-0.70,0.81,-0.46,25.64,-10.39,-121.11,116.10,27.36,65.08
21154,-0.75,0.82,-0.48,23.78,-8.43,-117.85,116.55,28.41,65.62
21164,-0.81,0.84,-0.51,21.42,-6.71,-112.84,116.94,29.34,66.12
21174,-0.86,0.86,-0.53,18.65,-5.48,-106.94,117.27,30.20,66.57
21184,-0.91,0.88,-0.55,15.09,-5.74,-99.37,117.47,30.95,66.89
21194,-0.96,0.89,-0.56,11.29,-6.98,-91.86,117.58,31.66,67.12
21204,-1.01,0.91,-0.58,7.10,-9.31,-82.92,117.55,32.27,67.20
21214,-1.04,0.92,-0.59,2.96,-11.30,-73.90,117.46,32.81,67.23
21224,-1.07,0.93,-0.60,-1.32,-12.50,-63.70,117.28,33.20,67.19
21234,-1.10,0.94,-0.60,-5.25,-12.96,-53.38,117.05,33.48,67.12
21244,-1.11,0.95,-0.59,-9.01,-12.08,-41.32,116.76,33.57,67.00
21254,-1.11,0.95,-0.58,-12.13,-10.47,-29.31,116.45,33.53,66.86
21264,-1.10,0.94,-0.56,-14.28,-7.39,-16.31,116.15,33.30,66.73
21274,-1.09,0.94,-0.54,-15.89,-3.90,-4.06,115.87,32.96,66.61
21284,-1.07,0.93,-0.51,-16.73,0.58,7.87,115.60,32.48,66.51
21294,-1.04,0.92,-0.49,-17.33,5.10,18.48,115.36,31.93,66.44
21304,-1.02,0.91,-0.47,-17.93,9.41,28.68,115.11,31.29,66.37
21314,-0.99,0.90,-0.44,-18.65,12.79,37.75,114.82,30.61,66.27
21324,-0.96,0.90,-0.41,-19.52,14.37,46.57,114.47,29.87,66.07
21334,-0.94,0.89,-0.39,-19.98,14.55,54.59,114.09,29.10,65.80
21344,-0.91,0.88,-0.36,-20.01,13.42,62.52,113.69,28.30,65.44
21354,-0.89,0.87,-0.34,-19.82,11.64,69.69,113.28,27.47,65.03
21364,-0.87,0.86,-0.33,-19.40,9.40,76.40,112.88,26.62,64.57
21374,-0.85,0.86,-0.33,-18.95,6.87,82.56,112.46,25.74,64.07
21384,-0.83,0.86,-0.32,-18.69,4.49,88.72,112.04,24.81,63.53
21394,-0.81,0.86,-0.31,-18.24,2.03,95.44,111.61,23.80,62.94
21404,-0.78,0.85,-0.30,-17.40,-0.22,101.86,111.20,22.74,62.33
21414,-0.75,0.85,-0.29,-15.69,-1.82,108.51,110.86,21.61,61.71
21424,-0.72,0.84,-0.29,-13.66,-3.32,114.79,110.57,20.44,61.08
21434,-0.69,0.83,-0.29,-11.42,-4.53,120.82,110.34,19.22,60.45
21444,-0.66,0.83,-0.30,-9.35,-5.53,126.39,110.13,17.97,59.82
21454,-0.63,0.81,-0.30,-7.28,-5.86,131.42,109.98,16.69,59.21
21464,-0.59,0.80,-0.32,-5.55,-5.42,135.72,109.88,15.37,58.65
21474,-0.55,0.80,-0.32,-4.06,-3.95,139.29,109.82,14.02,58.14
21484,-0.52,0.79,-0.33,-2.84,-2.55,142.56,109.77,12.65,57.64
21494,-0.48,0.79,-0.33,-2.13,-1.54,145.88,109.71,11.24,57.12
21504,-0.44,0.78,-0.34,-1.78,-1.35,149.19,109.66,9.81,56.57
21514,-0.40,0.77,-0.34,-2.06,-1.74,152.19,109.61,8.34,55.99
21524,-0.35,0.76,-0.34,-2.57,-1.80,154.77,109.58,6.83,55.43
21534,-0.30,0.75,-0.34,-3.28,-0.98,156.38,109.55,5.30,54.91
21544,-0.25,0.73,-0.34,-4.10,0.38,157.16,109.52,3.74,54.44
21554,-0.20,0.72,-0.34,-4.84,1.89,156.88,109.50,2.20,54.00
21564,-0.15,0.72,-0.34,-5.36,2.93,156.21,109.49,0.67,53.56
21574,-0.11,0.71,-0.34,-6.26,2.52,155.24,109.46,-0.83,53.06
21584,-0.07,0.71,-0.33,-7.58,1.09,154.55,109.41,-2.32,52.51
21594,-0.03,0.70,-0.32,-9.14,-1.57,154.27,109.34,-3.83,51.89
21604,0.01,0.69,-0.31,-10.60,-4.15,153.83,109.26,-5.32,51.24
21614,0.05,0.68,-0.30,-11.63,-5.76,152.22,109.18,-6.77,50.64
21624,0.09,0.67,-0.29,-12.17,-6.27,150.31,109.12,-8.20,50.09
21634,0.13,0.67,-0.28,-12.19,-6.41,147.62,109.08,-9.59,49.57
21644,0.15,0.66,-0.26,-12.19,-7.12,145.54,109.04,-10.96,49.02
21654,0.19,0.66,-0.25,-12.35,-9.75,143.88,109.03,-12.30,48.37
21664,0.22,0.66,-0.25,-12.46,-13.13,142.38,109.07,-13.62,47.65
21674,0.26,0.65,-0.25,-12.19,-17.11,140.33,109.16,-14.87,46.88
21684,0.29,0.64,-0.25,-11.51,-20.33,138.23,109.30,-16.10,46.11
21694,0.32,0.63,-0.26,-11.03,-22.34,136.07,109.46,-17.31,45.36
21704,0.35,0.62,-0.26,-10.55,-23.04,133.82,109.62,-18.51,44.65
21714,0.39,0.62,-0.27,-10.09,-22.75,131.63,109.77,-19.70,43.99
21724,0.42,0.63,-0.27,-9.49,-22.19,129.89,109.95,-20.90,43.34
21734,0.45,0.63,-0.27,-8.58,-21.61,128.37,110.15,-22.10,42.69
21744,0.48,0.63,-0.28,-7.34,-20.83,126.91,110.40,-23.28,42.04
21754,0.51,0.63,-0.28,-5.97,-19.92,125.30,110.67,-24.45,41.41
21764,0.55,0.62,-0.29,-4.39,-18.16,122.62,110.95,-25.56,40.84
21774,0.59,0.61,-0.30,-3.03,-15.96,119.35,111.23,-26.64,40.33
21784,0.62,0.60,-0.31,-2.02,-13.48,115.75,111.49,-27.68,39.86
21794,0.66,0.60,-0.31,-1.36,-11.24,112.40,111.74,-28.70,39.41
21804,0.71,0.59,-0.32,-1.42,-9.28,108.45,111.96,-29.66,38.98
21814,0.75,0.58,-0.33,-1.66,-7.57,104.29,112.16,-30.58,38.58
21824,0.79,0.57,-0.33,-2.26,-5.97,99.27,112.32,-31.42,38.22
21834,0.84,0.55,-0.33,-2.65,-4.18,93.94,112.45,-32.21,37.91
21844,0.90,0.54,-0.33,-2.74,-2.19,87.71,112.57,-32.92,37.68
21854,0.94,0.52,-0.33,-2.50,0.12,81.11,112.66,-33.56,37.51
21864,0.99,0.51,-0.33,-2.55,2.77,73.53,112.69,-34.12,37.45
21874,1.04,0.50,-0.33,-2.57,5.61,65.63,112.66,-34.60,37.47
21884,1.08,0.49,-0.33,-2.38,8.36,56.46,112.60,-34.96,37.58
21894,1.11,0.48,-0.32,-2.29,10.31,47.57,112.51,-35.24,37.72
21904,1.13,0.48,-0.33,-2.71,10.53,37.51,112.41,-35.37,37.84
21914,1.14,0.49,-0.33,-3.74,9.63,27.69,112.29,-35.39,37.95
21924,1.14,0.50,-0.33,-5.51,8.02,17.10,112.11,-35.27,38.07
21934,1.13,0.52,-0.33,-7.24,6.81,7.00,111.89,-35.07,38.23
21944,1.11,0.53,-0.34,-8.91,6.41,-2.61,111.62,-34.82,38.46
21954,1.09,0.55,-0.33,-10.35,6.68,-11.38,111.32,-34.52,38.74
21964,1.07,0.55,-0.33,-11.16,8.27,-19.96,110.97,-34.18,39.13
21974,1.05,0.56,-0.32,-11.59,10.59,-27.90,110.59,-33.80,39.60
21984,1.03,0.56,-0.32,-11.57,13.67,-36.29,110.17,-33.34,40.17
21994,1.01,0.58,-0.31,-11.91,16.23,-43.96,109.73,-32.84,40.76
22004,0.99,0.59,-0.30,-12.37,17.43,-51.22,109.29,-32.26,41.33
22014,0.96,0.60,-0.29,-12.79,17.98,-57.89,108.86,-31.64,41.87
22024,0.93,0.61,-0.28,-13.01,18.27,-64.47,108.45,-30.95,42.42
22034,0.91,0.61,-0.27,-13.02,18.45,-70.78,108.04,-30.21,42.98
22044,0.88,0.61,-0.26,-13.07,19.08,-77.10,107.62,-29.41,43.57
22054,0.85,0.63,-0.25,-13.21,19.71,-83.03,107.18,-28.56,44.18
22064,0.82,0.63,-0.24,-12.97,19.86,-88.64,106.78,-27.67,44.78
22074,0.79,0.64,-0.22,-12.44,19.58,-93.71,106.40,-26.73,45.35
22084,0.76,0.65,-0.21,-11.61,19.10,-98.27,106.05,-25.76,45.91
22094,0.72,0.65,-0.20,-10.27,18.39,-102.71,105.77,-24.75,46.44
22104,0.69,0.66,-0.20,-8.85,17.64,-106.80,105.52,-23.72,46.96
22114,0.65,0.66,-0.20,-7.60,16.40,-110.55,105.30,-22.65,47.45
22124,0.61,0.67,-0.20,-6.69,15.08,-113.66,105.11,-21.57,47.90
22134,0.58,0.67,-0.19,-5.93,13.63,-116.89,104.91,-20.44,48.35
22144,0.55,0.67,-0.19,-4.97,12.47,-120.17,104.75,-19.29,48.79
22154,0.51,0.67,-0.19,-3.75,11.35,-123.78,104.62,-18.08,49.23
22164,0.47,0.67,-0.18,-2.51,10.08,-127.22,104.51,-16.84,49.65
22174,0.42,0.68,-0.18,-1.62,8.51,-130.27,104.41,-15.58,50.05
22184,0.38,0.68,-0.18,-1.21,6.96,-132.51,104.28,-14.31,50.43
22194,0.34,0.69,-0.18,-0.75,5.20,-134.52,104.13,-12.91,50.80
22204,0.30,0.69,-0.17,0.04,3.43,-136.12,104.01,-11.47,51.13
22214,0.27,0.70,-0.17,1.15,2.39,-137.57,104.03,-9.96,51.46
22224,0.23,0.70,-0.18,2.23,2.10,-138.93,104.05,-8.45,51.82
22234,0.19,0.71,-0.18,3.21,2.46,-140.48,104.08,-6.92,52.22
22244,0.15,0.72,-0.19,3.83,2.97,-141.52,104.11,-5.41,52.62
22254,0.11,0.73,-0.19,4.49,3.96,-142.34,104.16,-3.90,53.06
22264,0.07,0.73,-0.19,5.41,5.30,-142.88,104.24,-2.41,53.52
22274,0.03,0.74,-0.19,6.59,7.06,-142.93,104.34,-0.94,54.01
22284,-0.01,0.74,-0.20,7.84,8.90,-142.56,104.48,0.50,54.51
22294,-0.04,0.75,-0.20,9.21,10.72,-141.97,104.65,1.92,55.04
22304,-0.07,0.75,-0.20,10.44,12.41,-141.44,104.84,3.33,55.58
22314,-0.11,0.75,-0.21,11.32,13.70,-140.58,105.03,4.72,56.12
22324,-0.14,0.75,-0.21,11.91,15.01,-139.42,105.23,6.08,56.67
22334,-0.18,0.75,-0.21,12.23,16.01,-137.78,105.43,7.41,57.21
22344,-0.20,0.75,-0.21,12.58,16.91,-136.24,105.65,8.72,57.76
22354,-0.23,0.75,-0.20,13.42,18.01,-135.66,105.90,10.05,58.35
22364,-0.26,0.75,-0.20,14.53,19.23,-135.47,106.20,11.39,58.96
22374,-0.28,0.75,-0.21,15.45,20.16,-135.18,106.52,12.72,59.59
22384,-0.31,0.75,-0.21,16.09,20.79,-134.98,106.85,14.05,60.21
22394,-0.34,0.75,-0.21,16.74,20.78,-134.67,107.19,15.37,60.82
22404,-0.37,0.76,-0.21,17.51,20.01,-134.05,107.54,16.68,61.39
22414,-0.40,0.76,-0.21,18.49,18.09,-132.79,107.91,17.98,61.90
22424,-0.43,0.77,-0.22,19.17,15.34,-131.40,108.27,19.27,62.36
22434,-0.45,0.77,-0.23,19.51,12.08,-129.66,108.62,20.55,62.76
22444,-0.48,0.78,-0.24,19.47,8.29,-127.75,108.95,21.82,63.11
22454,-0.51,0.78,-0.26,19.16,5.28,-126.30,109.29,23.09,63.48
22464,-0.54,0.78,-0.27,19.05,3.77,-125.48,109.67,24.36,63.91
22474,-0.58,0.79,-0.29,19.11,3.42,-124.71,110.09,25.61,64.40
22484,-0.62,0.80,-0.31,19.00,3.60,-123.33,110.53,26.81,64.91
22494,-0.67,0.82,-0.34,18.51,3.31,-121.20,110.95,27.97,65.40
22504,-0.72,0.83,-0.36,17.07,2.18,-117.76,111.28,29.06,65.82
22514,-0.77,0.85,-0.38,15.36,1.10,-113.87,111.59,30.10,66.21
22524,-0.83,0.87,-0.40,13.33,-0.33,-108.79,111.83,31.05,66.54
22534,-0.89,0.89,-0.41,11.09,-2.00,-103.37,112.02,31.95,66.82
22544,-0.95,0.91,-0.43,8.26,-4.50,-96.81,112.10,32.77,66.99
22554,-1.00,0.93,-0.45,4.98,-6.89,-89.85,112.11,33.52,67.11
22564,-1.04,0.95,-0.46,1.20,-9.00,-81.55,112.01,34.14,67.15
22574,-1.08,0.96,-0.46,-2.55,-10.34,-72.39,111.84,34.64,67.14
22584,-1.10,0.98,-0.46,-5.79,-10.02,-61.01,111.65,34.93,67.12
22594,-1.10,0.99,-0.45,-7.89,-8.28,-49.43,111.48,35.07,67.11
22604,-1.09,0.99,-0.43,-8.52,-4.78,-36.59,111.37,35.00,67.14
22614,-1.06,0.98,-0.40,-8.32,-1.07,-23.93,111.28,34.80,67.16
22624,-1.00,0.97,-0.38,-7.51,2.77,-11.33,111.21,34.45,67.16
22634,-0.94,0.94,-0.36,-6.68,6.60,-0.03,111.14,34.03,67.18
22644,-0.87,0.92,-0.33,-5.71,10.30,9.37,111.07,33.53,67.20
22654,-0.80,0.89,-0.31,-4.62,13.22,17.14,111.01,32.96,67.22
22664,-0.73,0.87,-0.29,-3.66,15.35,23.13,110.96,32.39,67.24
22674,-0.66,0.85,-0.26,-2.73,16.38,27.36,110.91,31.84,67.23
22684,-0.59,0.83,-0.24,-1.44,16.47,29.53,110.88,31.35,67.21
22694,-0.54,0.81,-0.23,-0.04,15.84,30.19,110.86,30.92,67.18
22704,-0.49,0.80,-0.22,1.27,13.81,29.11,110.83,30.59,67.11
22714,-0.46,0.79,-0.22,2.14,10.65,27.44,110.77,30.32,66.97
22724,-0.44,0.79,-0.22,2.47,6.45,24.73,110.67,30.12,66.77
22734,-0.42,0.79,-0.22,2.54,2.60,21.85,110.55,29.98,66.56
22744,-0.41,0.79,-0.23,2.51,-0.65,18.75,110.45,29.86,66.37
22754,-0.41,0.79,-0.24,2.42,-3.30,16.04,110.38,29.74,66.19
22764,-0.41,0.79,-0.26,2.29,-5.50,13.53,110.32,29.65,66.03
22774,-0.41,0.79,-0.27,2.17,-6.91,11.10,110.32,29.58,65.91
22784,-0.41,0.80,-0.29,2.00,-7.40,8.93,110.35,29.54,65.85
22794,-0.42,0.81,-0.29,1.83,-7.08,7.28,110.36,29.45,65.80
22804,-0.44,0.81,-0.30,1.71,-6.58,6.32,110.40,29.36,65.77
22814,-0.45,0.82,-0.31,1.34,-6.32,6.06,110.46,29.33,65.74
22824,-0.45,0.82,-0.33,0.74,-5.71,5.90,110.51,29.25,65.72
22834,-0.46,0.82,-0.33,-0.24,-3.98,5.35,110.57,29.18,65.79
22844,-0.47,0.83,-0.34,-1.07,-1.68,5.00,110.64,29.08,65.90
22854,-0.48,0.84,-0.33,-1.95,1.13,5.03,110.56,29.04,65.97
22864,-0.49,0.85,-0.32,-2.49,3.40,5.39,110.47,28.94,66.03
22874,-0.49,0.86,-0.31,-2.53,4.15,6.51,110.36,28.80,66.02
22884,-0.49,0.86,-0.30,-2.47,3.84,7.88,110.24,28.68,65.95
22894,-0.49,0.86,-0.30,-2.39,3.57,9.08,110.12,28.46,65.88
22904,-0.49,0.86,-0.30,-2.31,3.91,9.86,110.03,28.25,65.85
22914,-0.48,0.86,-0.29,-2.09,4.08,10.17,109.93,28.08,65.81
22924,-0.47,0.87,-0.29,-1.85,3.56,10.68,109.83,27.88,65.74
22934,-0.47,0.87,-0.29,-1.70,2.08,11.29,109.76,27.65,65.65
22944,-0.46,0.86,-0.30,-1.85,0.78,11.63,109.71,27.44,65.56
22954,-0.45,0.86,-0.30,-2.07,0.85,11.53,109.65,27.21,65.52
22964,-0.44,0.86,-0.30,-2.14,1.58,11.23,109.61,26.99,65.52
22974,-0.44,0.86,-0.29,-1.92,2.35,10.92,109.54,26.80,65.51
22984,-0.43,0.86,-0.29,-1.67,2.42,10.69,109.47,26.61,65.47
22994,-0.42,0.86,-0.29,-1.42,1.97,10.53,109.44,26.40,65.44
23004,-0.42,0.85,-0.29,-1.08,1.86,10.11,109.42,26.20,65.41
23014,-0.41,0.85,-0.29,-0.81,2.52,9.13,109.39,26.04,65.42
23024,-0.41,0.85,-0.28,-0.53,3.20,8.17,109.33,25.93,65.43
23034,-0.42,0.85,-0.28,0.19,2.81,7.49,109.26,25.87,65.39
23044,-0.42,0.85,-0.28,0.59,1.79,7.07,109.32,25.75,65.37
23054,-0.42,0.85,-0.29,0.68,0.74,6.74,109.37,25.63,65.34
23064,-0.41,0.85,-0.29,0.82,0.60,6.14,109.41,25.49,65.34
23074,-0.42,0.85,-0.29,0.96,1.78,5.36,109.39,25.53,65.37
23084,-0.43,0.85,-0.29,1.41,3.41,5.00,109.38,25.50,65.43
23094,-0.43,0.86,-0.28,2.11,4.57,4.95,109.38,25.45,65.47
23104,-0.44,0.86,-0.27,2.92,4.24,5.41,109.36,25.41,65.44
23114,-0.43,0.86,-0.28,3.22,2.71,5.86,109.44,25.28,65.40
23124,-0.43,0.85,-0.29,3.34,1.30,6.02,109.54,25.20,65.37
23134,-0.43,0.85,-0.29,3.27,0.25,5.84,109.62,25.23,65.35
23144,-0.43,0.86,-0.30,3.13,-0.08,5.45,109.72,25.16,65.35
23154,-0.43,0.86,-0.30,3.08,-0.74,5.33,109.81,25.09,65.33
23164,-0.43,0.86,-0.31,2.74,-1.55,5.31,109.88,25.03,65.30
23174,-0.43,0.86,-0.32,2.06,-1.84,5.26,109.94,24.96,65.29
23184,-0.42,0.86,-0.33,1.23,-1.08,4.88,110.01,24.89,65.33
23194,-0.42,0.86,-0.33,0.52,0.35,4.42,110.10,24.83,65.43
23204,-0.42,0.86,-0.32,0.37,2.07,4.11,110.05,24.73,65.47
23214,-0.42,0.87,-0.31,0.41,2.97,4.02,109.98,24.66,65.49
23224,-0.42,0.87,-0.31,0.37,2.61,4.55,109.89,24.54,65.44
23234,-0.41,0.86,-0.31,0.35,1.92,4.71,109.86,24.38,65.40
23244,-0.41,0.86,-0.30,0.40,1.84,4.33,109.78,24.36,65.37
23254,-0.41,0.85,-0.29,0.41,2.11,3.79,109.71,24.37,65.36
23264,-0.41,0.86,-0.29,0.76,3.10,3.43,109.67,24.33,65.39
23274,-0.41,0.86,-0.28,1.33,3.98,3.27,109.65,24.29,65.42
23284,-0.41,0.87,-0.27,2.30,3.51,3.54,109.62,24.22,65.38
23294,-0.41,0.87,-0.28,2.95,2.26,4.13,109.56,24.17,65.29
23304,-0.41,0.86,-0.29,3.19,0.69,4.14,109.65,24.10,65.25
23314,-0.41,0.85,-0.29,3.22,-0.11,3.77,109.75,24.13,65.24
23324,-0.41,0.85,-0.30,3.16,0.22,3.09,109.82,24.24,65.27
23334,-0.42,0.86,-0.30,2.95,0.88,2.43,109.81,24.32,65.29
23344,-0.42,0.86,-0.29,3.07,2.16,2.24,109.80,24.32,65.33
23354,-0.42,0.86,-0.29,3.45,3.35,2.39,109.79,24.29,65.37
23364,-0.42,0.86,-0.29,4.17,3.62,2.80,109.78,24.20,65.36
23374,-0.42,0.86,-0.29,4.60,3.38,2.90,109.80,24.25,65.35
23384,-0.42,0.86,-0.30,4.66,2.67,2.81,109.93,24.28,65.38
23394,-0.42,0.86,-0.30,4.54,1.76,2.63,110.05,24.30,65.39
23404,-0.42,0.86,-0.31,4.42,0.99,2.43,110.16,24.36,65.39
23414,-0.42,0.87,-0.31,4.34,-0.32,2.33,110.14,24.25,65.32
23424,-0.42,0.86,-0.32,4.11,-2.50,2.55,110.21,24.25,65.22
