22794,0.51,0.80,-0.06,2.20,11.05,5.01,95.78,-31.10,2.05
22804,0.51,0.80,-0.06,2.25,11.69,4.35,95.68,-31.22,2.24
22814,0.52,0.80,-0.06,2.17,11.90,3.44,95.57,-31.33,2.42
22824,0.52,0.80,-0.06,2.26,11.94,2.57,95.46,-31.41,2.59
22834,0.53,0.81,-0.06,2.28,11.53,2.02,95.35,-31.49,2.75
22844,0.53,0.82,-0.06,2.22,10.93,1.64,95.29,-31.61,2.86
22854,0.54,0.83,-0.07,1.96,10.08,1.51,95.29,-31.73,2.92
22864,0.55,0.83,-0.07,1.64,9.27,1.40,95.32,-31.84,2.96
22874,0.56,0.84,-0.08,1.65,8.73,1.07,95.35,-31.94,3.00
22884,0.56,0.84,-0.09,2.09,8.32,0.81,95.42,-32.03,3.05
22894,0.56,0.84,-0.10,2.77,8.42,0.26,95.51,-32.04,3.10
22904,0.56,0.84,-0.11,3.12,8.72,-0.73,95.59,-32.02,3.17
22914,0.55,0.84,-0.12,2.79,9.46,-1.95,95.62,-31.94,3.27
22924,0.54,0.85,-0.13,2.27,10.43,-3.00,95.62,-31.83,3.40
22934,0.53,0.86,-0.13,1.61,11.37,-3.54,95.57,-31.70,3.55
22944,0.51,0.86,-0.12,0.83,12.13,-3.71,95.47,-31.56,3.73
22954,0.50,0.87,-0.11,0.37,12.54,-2.93,95.35,-31.46,3.90
22964,0.49,0.88,-0.10,0.15,12.79,-1.66,95.24,-31.40,4.07
22974,0.49,0.89,-0.10,0.38,12.69,0.39,95.15,-31.39,4.22
22984,0.49,0.89,-0.10,0.60,12.53,2.35,95.14,-31.39,4.33
22994,0.50,0.89,-0.10,0.67,12.25,3.91,95.16,-31.43,4.41
23004,0.51,0.90,-0.10,0.42,11.42,4.97,95.18,-31.47,4.46
23014,0.53,0.91,-0.10,-0.31,10.11,5.36,95.13,-31.65,4.50
23024,0.55,0.93,-0.09,-1.20,8.66,5.58,94.99,-31.77,4.57
23034,0.56,0.95,-0.09,-2.06,7.87,4.96,94.84,-31.71,4.66
23044,0.58,0.97,-0.09,-3.04,7.71,4.37,94.63,-31.70,4.79
23054,0.60,1.00,-0.07,-3.89,8.49,3.97,94.40,-31.72,4.97
23064,0.61,1.02,-0.06,-4.16,9.60,3.51,94.16,-31.74,5.18
23074,0.63,1.04,-0.04,-3.60,11.66,2.31,93.93,-31.73,5.47
23084,0.64,1.06,-0.03,-2.71,13.73,0.70,93.71,-31.67,5.78
23094,0.65,1.08,-0.03,-1.87,15.50,-1.22,93.50,-31.55,6.10
23104,0.65,1.10,-0.02,-1.58,16.90,-3.07,93.27,-31.41,6.41
23114,0.65,1.12,-0.02,-1.34,18.34,-4.56,93.03,-31.27,6.74
23124,0.65,1.13,-0.01,-0.79,20.04,-6.00,92.80,-31.10,7.11
23134,0.64,1.14,-0.01,0.09,22.14,-7.30,92.57,-30.92,7.51
23144,0.63,1.14,-0.00,1.05,24.22,-8.34,92.37,-30.72,7.92
23154,0.61,1.15,-0.00,1.80,26.10,-8.82,92.16,-30.54,8.35
23164,0.60,1.14,0.00,2.15,26.96,-9.14,91.95,-30.36,8.73
23174,0.60,1.14,0.01,2.04,26.66,-9.65,91.74,-30.18,9.07
23184,0.59,1.13,0.01,1.56,24.74,-10.35,91.56,-29.99,9.31
23194,0.59,1.11,0.00,0.98,22.41,-11.07,91.41,-29.77,9.50
23204,0.58,1.09,-0.01,0.40,19.76,-11.58,91.41,-29.56,9.57
23214,0.58,1.07,-0.02,0.24,17.67,-11.80,91.44,-29.42,9.64
23224,0.57,1.05,-0.03,-0.26,16.41,-11.39,91.45,-29.31,9.72
23234,0.56,1.03,-0.05,-1.14,15.46,-10.57,91.43,-29.25,9.81
23244,0.55,1.00,-0.05,-3.06,13.92,-9.52,91.37,-29.20,9.86
23254,0.54,0.98,-0.05,-5.28,12.10,-8.25,91.29,-29.19,9.87
23264,0.53,0.96,-0.05,-7.78,9.73,-6.66,91.21,-29.18,9.82
23274,0.53,0.93,-0.06,-9.82,7.40,-4.77,91.12,-29.26,9.76
23284,0.52,0.90,-0.07,-11.36,5.40,-2.04,91.05,-29.40,9.69
23294,0.53,0.88,-0.07,-12.68,4.21,0.71,90.95,-29.60,9.64
23304,0.54,0.85,-0.08,-14.22,3.59,2.91,90.81,-29.79,9.62
23314,0.55,0.83,-0.08,-15.68,3.65,4.33,90.63,-29.99,9.63
23324,0.56,0.82,-0.08,-17.28,4.46,5.52,90.39,-30.20,9.70
23334,0.57,0.80,-0.07,-18.60,5.37,6.18,90.13,-30.40,9.79
23344,0.59,0.79,-0.06,-20.34,6.14,5.95,89.80,-30.56,9.90
23354,0.61,0.78,-0.04,-21.85,6.42,5.16,89.46,-30.69,10.00
23364,0.62,0.78,-0.02,-23.28,5.68,3.74,89.12,-30.77,10.04
23374,0.63,0.77,0.00,-24.37,5.08,2.06,88.77,-30.82,10.10
23384,0.63,0.77,0.02,-24.71,4.05,-0.05,88.46,-30.83,10.12
23394,0.63,0.77,0.03,-25.55,2.08,-2.61,88.15,-30.79,10.08
23404,0.62,0.78,0.04,-27.12,-1.82,-5.70,87.88,-30.72,9.89
23414,0.61,0.78,0.04,-28.64,-6.38,-8.92,87.64,-30.61,9.62
23424,0.59,0.79,0.04,-30.97,-11.68,-12.61,87.41,-30.46,9.24
23434,0.57,0.79,0.04,-33.31,-16.17,-16.27,87.29,-30.19,8.78
23444,0.54,0.81,0.05,-35.50,-19.55,-19.24,86.99,-29.80,8.40
23454,0.51,0.82,0.06,-37.35,-22.62,-21.08,86.70,-29.45,8.01
23464,0.48,0.83,0.07,-38.49,-25.56,-21.57,86.43,-29.15,7.59
23474,0.46,0.85,0.08,-38.72,-27.83,-20.95,86.19,-28.90,7.18
23484,0.44,0.86,0.08,-38.23,-29.53,-19.26,85.99,-28.70,6.78
23494,0.42,0.86,0.08,-37.22,-30.67,-16.90,85.86,-28.54,6.37
23504,0.41,0.85,0.07,-36.20,-30.11,-14.36,85.75,-28.42,6.02
23514,0.39,0.84,0.06,-35.17,-26.25,-10.90,85.55,-28.36,5.88
23524,0.38,0.83,0.06,-34.39,-20.48,-6.83,85.23,-28.34,5.91
23534,0.36,0.82,0.07,-33.59,-13.62,-1.84,84.79,-28.42,6.11
23544,0.35,0.81,0.08,-32.32,-7.04,2.79,84.34,-28.54,6.38
23554,0.34,0.79,0.10,-30.33,-1.41,6.88,83.91,-28.68,6.68
23564,0.33,0.77,0.10,-28.66,2.74,10.64,83.52,-28.83,6.96
23574,0.33,0.76,0.10,-27.99,5.69,13.79,83.15,-28.96,7.20
23584,0.33,0.74,0.10,-27.60,8.72,15.99,82.76,-29.06,7.47
23594,0.31,0.73,0.10,-27.17,13.56,17.87,82.29,-29.16,7.88
23604,0.30,0.72,0.09,-26.71,18.66,20.03,81.81,-29.28,8.37
23614,0.29,0.72,0.10,-26.75,23.22,23.28,81.27,-29.46,8.90
23624,0.29,0.72,0.10,-27.24,26.79,26.54,80.70,-29.68,9.45
23634,0.29,0.71,0.12,-27.76,28.61,29.67,80.09,-29.97,9.97
23644,0.31,0.71,0.13,-28.04,28.89,32.10,79.50,-30.29,10.44
23654,0.34,0.69,0.14,-27.99,26.31,33.81,79.02,-30.74,10.75
23664,0.38,0.68,0.14,-27.90,22.59,34.76,78.61,-31.22,10.94
23674,0.41,0.66,0.13,-27.50,18.25,34.45,78.32,-31.65,11.02
23684,0.45,0.64,0.12,-26.72,14.33,33.85,78.08,-32.07,11.07
23694,0.48,0.62,0.11,-25.79,11.98,33.00,77.84,-32.46,11.15
23704,0.50,0.59,0.09,-24.69,11.20,32.21,77.58,-32.84,11.30
23714,0.53,0.57,0.08,-23.14,11.47,31.03,77.32,-33.18,11.50
23724,0.56,0.54,0.08,-21.25,11.87,29.71,77.07,-33.50,11.72
23734,0.59,0.52,0.08,-18.48,11.81,27.56,76.90,-33.78,11.90
23744,0.61,0.50,0.08,-15.67,11.47,25.04,76.78,-34.01,12.05
23754,0.63,0.48,0.07,-13.22,10.83,20.87,76.70,-34.15,12.15
23764,0.64,0.47,0.08,-11.09,10.04,16.08,76.64,-34.22,12.22
23774,0.64,0.47,0.08,-8.18,8.83,10.94,76.66,-34.23,12.25
23784,0.64,0.47,0.09,-4.82,7.61,6.40,76.76,-34.22,12.24
23794,0.64,0.49,0.09,-0.63,6.00,1.99,76.96,-34.18,12.18
23804,0.64,0.50,0.09,2.88,3.74,-1.85,77.22,-34.13,12.06
23814,0.63,0.50,0.07,6.00,1.04,-5.58,77.55,-34.05,11.86
23824,0.63,0.51,0.06,8.61,-1.06,-9.04,77.90,-33.94,11.65
23834,0.62,0.52,0.05,10.83,-2.57,-12.16,78.26,-33.80,11.45
23844,0.61,0.52,0.03,12.79,-3.04,-14.43,78.59,-33.67,11.30
23854,0.60,0.51,0.02,14.74,-2.51,-16.24,78.91,-33.53,11.21
23864,0.60,0.50,0.01,17.03,-0.54,-17.60,79.22,-33.39,11.21
23874,0.59,0.49,-0.00,19.39,1.69,-18.74,79.53,-33.23,11.24
23884,0.59,0.49,-0.01,20.85,3.10,-19.95,79.82,-33.06,11.26
23894,0.58,0.48,-0.02,21.56,3.50,-21.10,80.13,-32.89,11.23
23904,0.56,0.47,-0.04,21.61,3.08,-22.42,80.45,-32.68,11.15
23914,0.55,0.47,-0.06,21.50,3.24,-23.95,80.76,-32.45,11.09
23924,0.52,0.47,-0.08,21.47,5.99,-25.69,80.99,-32.14,11.17
23934,0.50,0.48,-0.09,21.73,10.36,-26.89,81.18,-31.81,11.39
23944,0.47,0.49,-0.09,21.03,16.92,-27.30,81.23,-31.47,11.78
23954,0.44,0.52,-0.07,19.46,23.67,-27.67,81.18,-31.06,12.27
23964,0.41,0.55,-0.03,17.37,30.20,-28.18,80.92,-30.58,12.88
23974,0.37,0.58,0.02,15.36,35.15,-28.53,80.65,-30.12,13.48
23984,0.33,0.62,0.08,15.18,38.01,-27.57,80.48,-29.72,14.03
23994,0.30,0.66,0.12,16.77,40.06,-25.03,80.40,-29.42,14.58
24004,0.29,0.69,0.15,19.57,39.97,-19.80,80.43,-29.28,15.05
24014,0.29,0.73,0.18,22.09,39.02,-13.69,80.48,-29.25,15.50
24024,0.30,0.76,0.20,24.05,37.83,-7.65,80.54,-29.30,15.94
24034,0.32,0.78,0.21,25.40,36.47,-3.00,80.58,-29.35,16.36
24044,0.33,0.80,0.23,26.29,34.83,0.45,80.64,-29.37,16.74
24054,0.34,0.82,0.24,26.72,31.95,2.94,80.73,-29.41,17.03
24064,0.36,0.85,0.23,25.99,26.82,4.45,80.85,-29.42,17.15
24074,0.38,0.88,0.23,24.67,21.15,5.32,80.99,-29.44,17.18
24084,0.41,0.91,0.22,22.57,15.09,5.83,81.12,-29.44,17.12
24094,0.44,0.95,0.22,20.45,9.97,5.92,81.27,-29.41,17.02
24104,0.46,0.98,0.21,18.42,6.16,5.52,81.38,-29.36,16.94
24114,0.47,1.00,0.21,16.64,3.28,5.45,81.47,-29.33,16.88
24124,0.47,1.02,0.21,15.14,0.90,5.95,81.56,-29.32,16.82
24134,0.48,1.03,0.20,14.11,-1.05,6.81,81.69,-29.32,16.74
24144,0.49,1.03,0.19,12.87,-3.40,8.56,81.83,-29.38,16.62
24154,0.51,1.04,0.19,11.54,-5.54,10.05,81.90,-29.47,16.51
24164,0.52,1.04,0.18,9.97,-6.95,10.86,82.03,-29.52,16.38
24174,0.54,1.03,0.17,8.45,-7.43,11.24,82.02,-29.72,16.33
24184,0.54,1.04,0.17,7.35,-7.02,11.80,82.00,-29.79,16.32
24194,0.55,1.03,0.17,6.50,-5.99,12.64,81.94,-29.91,16.37
24204,0.56,1.02,0.17,5.91,-5.66,13.72,81.90,-30.10,16.40
24214,0.56,1.02,0.16,5.37,-6.03,15.04,81.86,-30.33,16.39
24224,0.57,1.02,0.16,5.14,-6.81,15.82,82.04,-30.50,16.26
24234,0.57,1.01,0.15,4.77,-7.38,15.51,82.21,-30.65,16.13
24244,0.57,1.01,0.14,4.56,-7.15,14.83,82.36,-30.73,16.03
24254,0.57,1.01,0.13,4.48,-5.61,13.87,82.46,-30.75,16.01
24264,0.57,1.00,0.14,3.60,-3.77,13.15,82.39,-30.74,16.09
24274,0.56,0.99,0.14,2.25,-1.93,12.60,82.23,-30.81,16.22
24284,0.56,0.98,0.15,1.41,-0.15,12.05,82.07,-30.88,16.36
24294,0.56,0.97,0.17,1.30,1.77,11.60,81.92,-30.96,16.53
24304,0.57,0.97,0.19,1.50,3.57,11.24,81.78,-31.04,16.72
24314,0.57,0.96,0.21,2.50,4.87,10.72,81.69,-31.11,16.90
24324,0.58,0.96,0.23,3.84,5.35,10.00,81.64,-31.18,17.04
24334,0.60,0.97,0.25,5.45,4.96,8.84,81.64,-31.23,17.14
24344,0.61,0.97,0.26,7.02,3.86,7.76,81.68,-31.28,17.18
24354,0.63,0.98,0.26,8.30,1.61,5.96,81.77,-31.32,17.14
24364,0.65,0.99,0.26,9.32,-1.29,3.71,81.91,-31.34,17.03
24374,0.68,1.01,0.25,9.53,-5.71,0.18,82.09,-31.32,16.77
24384,0.70,1.03,0.24,9.41,-10.67,-3.92,82.33,-31.25,16.41
24394,0.72,1.07,0.23,8.79,-15.22,-9.24,82.57,-31.10,16.00
24404,0.73,1.10,0.22,7.93,-18.82,-14.30,82.84,-30.91,15.57
24414,0.72,1.15,0.20,7.55,-21.10,-18.64,83.12,-30.48,15.16
24424,0.72,1.18,0.19,8.02,-21.76,-21.93,83.44,-30.07,14.80
24434,0.71,1.21,0.17,10.08,-20.11,-23.81,83.79,-29.69,14.57
24444,0.70,1.23,0.15,12.17,-17.56,-24.75,84.12,-29.32,14.42
24454,0.69,1.24,0.14,13.58,-14.51,-25.24,84.42,-28.99,14.33
24464,0.69,1.25,0.13,13.98,-11.77,-25.72,84.67,-28.65,14.25
24474,0.67,1.26,0.12,13.70,-9.92,-26.43,84.89,-28.27,14.16
24484,0.66,1.25,0.11,13.12,-8.87,-27.31,85.11,-27.89,14.04
24494,0.65,1.25,0.10,12.11,-8.70,-28.57,85.31,-27.48,13.89
24504,0.64,1.25,0.09,10.86,-8.74,-29.73,85.52,-27.10,13.72
24514,0.62,1.24,0.07,9.17,-8.80,-30.80,85.69,-26.72,13.55
24524,0.61,1.22,0.06,7.71,-8.21,-31.80,85.83,-26.32,13.41
24534,0.58,1.21,0.06,7.13,-5.97,-31.98,85.94,-25.91,13.39
24544,0.56,1.19,0.05,7.09,-3.38,-31.81,86.06,-25.52,13.41
24554,0.54,1.18,0.04,6.38,-0.50,-31.00,86.11,-25.15,13.49
24564,0.51,1.15,0.04,5.25,2.10,-29.67,86.11,-24.79,13.59
24574,0.48,1.13,0.04,4.03,4.26,-28.36,86.08,-24.44,13.70
24584,0.46,1.11,0.05,3.14,6.10,-26.37,86.03,-24.14,13.83
24594,0.43,1.09,0.05,2.19,7.39,-23.96,85.95,-23.87,13.96
24604,0.42,1.07,0.06,1.19,8.37,-21.20,85.85,-23.65,14.10
24614,0.40,1.05,0.07,0.45,9.13,-18.01,85.75,-23.48,14.23
24624,0.39,1.03,0.07,-0.76,7.86,-14.58,85.66,-23.36,14.27
24634,0.38,1.01,0.07,-2.79,5.56,-11.56,85.61,-23.27,14.22
24644,0.38,0.98,0.06,-5.69,2.56,-9.20,85.57,-23.28,14.08
24654,0.37,0.95,0.04,-8.32,0.46,-7.39,85.50,-23.28,13.96
24664,0.37,0.93,0.03,-11.69,-0.93,-5.84,85.37,-23.29,13.85
24674,0.37,0.91,0.01,-15.40,-2.10,-4.50,85.19,-23.31,13.74
24684,0.36,0.89,0.02,-19.48,-2.19,-3.09,84.93,-23.30,13.68
24694,0.36,0.88,0.03,-22.67,-1.76,-1.26,84.54,-23.26,13.70
24704,0.35,0.88,0.05,-23.99,-1.00,1.35,84.15,-23.34,13.77
24714,0.35,0.86,0.07,-24.19,-0.53,4.20,83.80,-23.48,13.84
24724,0.35,0.85,0.08,-23.30,-0.15,7.21,83.50,-23.66,13.91
24734,0.35,0.84,0.08,-22.50,0.07,10.39,83.38,-23.91,13.91
24744,0.36,0.82,0.08,-23.34,-0.05,13.20,83.08,-24.26,13.95
24754,0.37,0.81,0.10,-24.77,0.06,15.53,82.68,-24.57,14.02
24764,0.38,0.80,0.12,-25.10,0.84,17.71,82.30,-24.86,14.14
24774,0.38,0.79,0.14,-24.41,1.76,19.71,81.95,-25.15,14.27
24784,0.39,0.78,0.16,-22.79,1.72,21.56,81.68,-25.46,14.37
24794,0.40,0.77,0.17,-21.15,-0.26,22.61,81.47,-25.78,14.36
24804,0.40,0.76,0.17,-20.68,-4.81,22.95,81.29,-26.12,14.18
24814,0.41,0.75,0.16,-21.72,-10.32,23.00,81.15,-26.51,13.88
24824,0.41,0.74,0.15,-24.43,-16.25,23.18,80.98,-26.92,13.48
24834,0.42,0.72,0.14,-27.20,-20.60,23.32,80.79,-27.33,13.09
24844,0.43,0.71,0.13,-29.36,-22.93,23.46,80.56,-27.73,12.77
24854,0.43,0.70,0.12,-30.63,-24.03,23.75,80.35,-28.14,12.49
24864,0.44,0.68,0.12,-30.82,-23.57,23.95,80.11,-28.53,12.30
24874,0.44,0.67,0.12,-30.17,-22.31,24.09,79.87,-28.91,12.17
24884,0.45,0.66,0.13,-29.39,-21.74,23.92,79.67,-29.29,12.01
24894,0.45,0.66,0.13,-29.28,-22.16,23.54,79.45,-29.65,11.81
24904,0.46,0.65,0.13,-29.37,-23.95,23.31,79.28,-30.04,11.52
24914,0.47,0.65,0.13,-29.03,-25.59,23.24,79.15,-30.44,11.21
24924,0.48,0.64,0.13,-28.02,-26.54,23.10,79.06,-30.83,10.91
24934,0.48,0.63,0.12,-25.93,-25.79,22.12,79.02,-31.16,10.68
24944,0.47,0.62,0.12,-23.25,-24.10,20.95,79.01,-31.46,10.50
24954,0.47,0.63,0.11,-19.49,-21.36,19.64,79.08,-31.70,10.38
24964,0.48,0.64,0.10,-15.64,-18.52,17.89,79.18,-31.90,10.28
24974,0.49,0.66,0.11,-11.39,-15.16,15.29,79.29,-32.04,10.25
24984,0.50,0.68,0.11,-7.41,-12.39,12.25,79.46,-32.12,10.19
24994,0.49,0.70,0.11,-4.11,-11.80,8.86,79.71,-32.09,10.02
25004,0.49,0.71,0.10,-2.23,-12.85,6.35,79.97,-32.09,9.76
25014,0.48,0.71,0.09,-1.81,-15.45,5.38,80.22,-32.14,9.42
25024,0.49,0.71,0.07,-2.18,-17.78,5.26,80.44,-32.28,9.06
25034,0.49,0.70,0.06,-3.57,-18.54,5.48,80.56,-32.43,8.77
25044,0.50,0.69,0.05,-4.97,-17.81,5.63,80.63,-32.58,8.57
25054,0.50,0.69,0.05,-5.51,-15.69,5.92,80.65,-32.74,8.46
25064,0.50,0.68,0.06,-6.32,-13.99,6.32,80.59,-32.95,8.40
25074,0.50,0.67,0.08,-6.96,-13.54,6.51,80.50,-33.13,8.30
25084,0.50,0.66,0.09,-6.91,-14.44,7.05,80.49,-33.35,8.14
25094,0.51,0.64,0.09,-5.75,-16.41,7.83,80.66,-33.61,7.86
25104,0.51,0.62,0.07,-4.18,-17.89,8.47,80.88,-33.85,7.56
25114,0.52,0.58,0.04,-1.86,-17.37,8.90,81.11,-34.07,7.37
25124,0.52,0.55,0.02,0.43,-14.88,8.44,81.30,-34.23,7.28
25134,0.53,0.53,0.00,3.34,-8.67,6.71,81.41,-34.29,7.43
25144,0.52,0.52,-0.01,6.09,-1.30,4.68,81.47,-34.29,7.72
25154,0.51,0.52,0.00,8.14,6.17,2.59,81.46,-34.27,8.11
25164,0.49,0.53,0.02,9.89,11.98,0.94,81.37,-34.27,8.53
25174,0.48,0.53,0.04,12.55,16.29,-0.35,81.29,-34.22,8.98
25184,0.46,0.53,0.06,16.07,19.96,-0.99,81.29,-34.21,9.42
25194,0.46,0.53,0.06,21.12,23.69,-1.23,81.50,-34.22,9.85
25204,0.45,0.53,0.05,25.53,27.52,-1.74,81.72,-34.20,10.32
25214,0.44,0.54,0.05,28.78,31.26,-2.75,81.91,-34.14,10.81
25224,0.43,0.54,0.06,31.13,34.54,-3.67,81.92,-34.06,11.42
25234,0.42,0.54,0.06,32.93,36.46,-4.34,82.10,-34.00,11.90
25244,0.41,0.53,0.06,35.08,37.35,-4.06,82.34,-34.00,12.34
25254,0.41,0.53,0.05,37.73,38.37,-3.42,82.61,-34.00,12.80
25264,0.42,0.52,0.04,41.38,40.82,-3.32,82.91,-33.98,13.36
25274,0.43,0.53,0.05,45.14,44.32,-4.21,83.14,-33.95,14.04
25284,0.44,0.56,0.07,49.14,48.53,-6.88,83.28,-33.73,14.85
25294,0.45,0.58,0.10,52.99,50.92,-9.94,83.49,-33.46,15.60
25304,0.46,0.59,0.12,57.68,48.81,-12.66,83.91,-33.22,16.09
25314,0.47,0.60,0.12,62.63,44.76,-15.23,84.50,-33.02,16.44
25324,0.48,0.62,0.08,66.97,39.20,-17.43,85.35,-32.78,16.56
25334,0.48,0.64,0.04,68.93,33.61,-18.92,86.16,-32.54,16.62
25344,0.50,0.67,-0.01,66.00,29.49,-19.84,86.73,-32.31,16.70
25354,0.51,0.70,-0.03,61.65,28.51,-21.27,87.12,-32.05,16.92
25364,0.51,0.75,-0.01,57.78,33.04,-22.35,87.26,-31.65,17.49
25374,0.50,0.79,0.01,56.18,38.99,-22.17,87.32,-31.32,18.25
25384,0.49,0.83,0.03,56.29,44.60,-19.94,87.45,-31.08,19.04
25394,0.48,0.86,0.03,56.08,48.71,-16.64,87.60,-30.91,19.81
25404,0.48,0.87,0.03,54.54,51.58,-12.15,87.76,-30.84,20.52
25414,0.49,0.89,0.02,52.02,54.85,-8.56,87.83,-30.78,21.28
25424,0.49,0.89,0.04,48.74,60.69,-6.62,87.61,-30.71,22.30
25434,0.48,0.91,0.08,46.09,66.52,-5.31,87.34,-30.63,23.39
25444,0.47,0.92,0.13,44.22,69.89,-4.32,87.14,-30.55,24.40
25454,0.47,0.93,0.16,42.59,69.57,-3.23,87.01,-30.50,25.23
25464,0.45,0.93,0.18,40.17,63.41,-1.37,87.01,-30.50,25.73
25474,0.45,0.92,0.18,37.62,54.62,0.75,87.08,-30.54,26.00
25484,0.45,0.90,0.17,34.34,43.32,2.80,87.21,-30.61,26.03
25494,0.45,0.88,0.15,30.55,32.07,4.07,87.35,-30.69,25.93
25504,0.47,0.88,0.13,25.33,21.30,4.09,87.47,-30.84,25.70
25514,0.50,0.89,0.12,20.01,12.04,3.35,87.52,-30.90,25.46
25524,0.51,0.90,0.13,15.28,4.00,2.08,87.56,-30.90,25.17
25534,0.53,0.91,0.13,12.45,-3.03,1.41,87.67,-30.90,24.86
25544,0.53,0.92,0.11,12.39,-8.55,2.14,87.97,-30.85,24.51
25554,0.53,0.93,0.08,13.12,-13.55,3.86,88.42,-30.92,24.07
25564,0.54,0.94,0.04,12.78,-18.79,7.33,88.86,-31.13,23.57
25574,0.54,0.95,-0.01,11.02,-23.11,10.88,89.25,-31.38,23.05
25584,0.56,0.96,-0.05,8.31,-25.80,13.87,89.54,-31.64,22.57
25594,0.56,0.96,-0.08,5.44,-24.32,15.16,89.69,-31.85,22.30
25604,0.56,0.96,-0.10,3.33,-19.66,15.32,89.75,-31.99,22.24
25614,0.55,0.96,-0.11,2.21,-11.58,15.02,89.69,-32.08,22.44
25624,0.53,0.97,-0.11,0.96,-3.68,14.57,89.55,-32.14,22.73
25634,0.53,0.98,-0.10,-1.06,2.38,14.29,89.35,-32.17,23.01
25644,0.52,1.00,-0.09,-3.63,5.61,14.53,89.13,-32.22,23.21
25654,0.52,1.02,-0.08,-7.23,6.16,15.20,88.90,-32.29,23.29
25664,0.53,1.03,-0.06,-10.48,6.20,15.97,88.66,-32.37,23.35
25674,0.52,1.04,-0.05,-12.54,7.33,16.78,88.38,-32.45,23.49
25684,0.53,1.04,-0.03,-13.35,9.89,17.87,88.06,-32.56,23.75
25694,0.53,1.05,-0.01,-12.11,14.20,19.69,87.76,-32.71,24.15
25704,0.55,1.06,0.01,-10.50,18.12,21.75,87.44,-32.90,24.59
25714,0.57,1.08,0.03,-9.83,20.21,23.60,87.10,-33.12,24.99
25724,0.60,1.09,0.05,-10.04,21.25,24.90,86.72,-33.37,25.36
25734,0.62,1.10,0.06,-10.35,21.86,25.80,86.34,-33.62,25.73
25744,0.65,1.10,0.08,-10.32,22.23,26.78,85.97,-33.90,26.09
25754,0.67,1.11,0.10,-9.32,22.57,27.75,85.65,-34.22,26.46
25764,0.69,1.10,0.12,-8.00,23.03,28.25,85.34,-34.51,26.84
25774,0.72,1.11,0.13,-5.80,23.56,28.12,85.08,-34.80,27.23
25784,0.74,1.11,0.15,-3.51,23.72,27.61,84.86,-35.06,27.61
25794,0.77,1.12,0.15,-2.17,21.98,25.53,84.68,-35.25,27.87
25804,0.79,1.13,0.16,-1.79,18.78,22.51,84.53,-35.39,28.01
25814,0.81,1.14,0.17,-2.25,13.75,17.92,84.44,-35.42,27.99
25824,0.82,1.15,0.17,-2.93,8.27,13.25,84.39,-35.42,27.87
25834,0.83,1.15,0.16,-3.87,2.24,8.44,84.48,-35.45,27.59
25844,0.84,1.15,0.15,-5.03,-2.86,4.17,84.60,-35.44,27.26
25854,0.84,1.15,0.14,-5.79,-6.20,-0.15,84.59,-35.37,27.04
25864,0.83,1.15,0.14,-5.66,-7.94,-4.29,84.57,-35.13,26.89
25874,0.82,1.15,0.14,-3.75,-8.06,-8.21,84.62,-34.82,26.80
25884,0.81,1.14,0.13,-1.63,-7.85,-11.37,84.79,-34.48,26.66
25894,0.79,1.13,0.12,-0.19,-7.98,-13.98,84.98,-34.16,26.49
25904,0.76,1.12,0.11,0.47,-7.97,-15.81,85.14,-33.84,26.34
25914,0.74,1.10,0.09,0.36,-7.87,-17.09,85.30,-33.60,26.18
25924,0.72,1.09,0.09,-0.00,-7.76,-18.20,85.43,-33.32,26.02
25934,0.71,1.07,0.08,-0.19,-7.71,-19.75,85.56,-32.99,25.87
25944,0.69,1.05,0.07,-0.39,-7.56,-22.00,85.70,-32.64,25.71
25954,0.67,1.04,0.07,-0.88,-7.03,-24.29,85.79,-32.24,25.58
25964,0.64,1.03,0.06,-2.68,-6.30,-26.76,85.80,-31.79,25.47
25974,0.62,1.02,0.05,-5.51,-5.98,-28.68,85.74,-31.35,25.35
25984,0.59,1.01,0.05,-9.01,-6.10,-30.10,85.58,-30.88,25.23
25994,0.57,1.00,0.06,-11.81,-6.26,-31.01,85.40,-30.42,25.12
26004,0.54,0.99,0.06,-13.54,-6.08,-30.64,85.27,-30.03,25.02
26014,0.52,0.98,0.05,-14.19,-4.77,-29.22,85.18,-29.70,24.97
26024,0.51,0.97,0.04,-14.51,-1.40,-26.16,85.04,-29.50,25.05
26034,0.50,0.95,0.03,-15.05,3.07,-22.71,84.85,-29.35,25.24
26044,0.50,0.94,0.04,-15.74,9.00,-19.32,84.57,-29.21,25.56
26054,0.49,0.94,0.05,-16.41,14.45,-16.03,84.18,-29.04,25.97
26064,0.49,0.93,0.07,-16.84,18.90,-12.17,83.71,-28.99,26.43
26074,0.49,0.92,0.09,-16.93,22.00,-8.42,83.25,-28.99,26.88
26084,0.48,0.91,0.11,-16.52,23.67,-4.78,82.84,-29.04,27.28
26094,0.48,0.90,0.12,-16.19,23.68,-1.46,82.46,-29.11,27.61
26104,0.48,0.89,0.12,-16.67,21.68,1.24,82.11,-29.27,27.82
26114,0.49,0.86,0.12,-17.75,18.80,2.95,81.84,-29.48,27.92
26124,0.49,0.85,0.12,-19.79,14.62,3.13,81.62,-29.61,27.88
26134,0.48,0.83,0.11,-22.46,9.64,2.54,81.42,-29.69,27.73
26144,0.47,0.82,0.11,-26.89,2.91,1.03,81.19,-29.60,27.41
26154,0.46,0.80,0.10,-32.00,-4.47,-0.04,80.95,-29.59,26.97
26164,0.45,0.79,0.10,-37.77,-11.32,-0.22,80.65,-29.63,26.48
26174,0.44,0.77,0.10,-41.76,-15.88,0.46,80.31,-29.61,26.08
26184,0.43,0.75,0.10,-42.70,-16.39,3.09,80.02,-29.82,25.85
26194,0.42,0.73,0.10,-41.64,-13.83,7.14,79.63,-30.17,25.87
26204,0.42,0.71,0.11,-37.83,-7.27,13.34,79.18,-30.58,26.20
26214,0.43,0.69,0.13,-33.35,0.35,20.00,78.71,-31.05,26.70
26224,0.44,0.67,0.14,-28.20,8.69,27.34,78.25,-31.60,27.35
26234,0.45,0.65,0.15,-23.17,17.01,34.28,77.76,-32.19,28.12
26244,0.48,0.62,0.17,-18.14,25.45,40.95,77.26,-32.80,29.01
26254,0.50,0.59,0.18,-14.10,32.90,46.18,76.72,-33.41,29.95
26264,0.53,0.56,0.20,-10.78,39.24,49.23,76.17,-33.94,30.91
26274,0.55,0.54,0.21,-7.79,43.37,49.43,75.67,-34.37,31.80
26284,0.56,0.51,0.22,-5.59,45.23,48.23,75.21,-34.74,32.59
26294,0.58,0.50,0.23,-5.13,42.72,44.61,74.84,-35.03,33.11
26304,0.59,0.49,0.23,-6.34,37.32,39.39,74.53,-35.26,33.39
26314,0.60,0.49,0.24,-10.12,27.22,30.88,74.31,-35.36,33.26
26324,0.60,0.49,0.25,-15.24,15.03,21.56,74.13,-35.38,32.85
26334,0.59,0.50,0.25,-21.79,-0.27,11.24,74.04,-35.32,32.08
26344,0.58,0.51,0.25,-27.92,-16.31,1.12,74.06,-35.23,31.04
26354,0.57,0.53,0.25,-33.72,-33.44,-9.53,74.20,-35.09,29.71
26364,0.55,0.55,0.23,-38.42,-48.81,-18.88,74.55,-34.91,28.19
26374,0.52,0.56,0.20,-41.67,-60.95,-26.44,74.95,-34.64,26.67
26384,0.49,0.57,0.17,-43.54,-68.83,-31.75,75.30,-34.37,25.27
26394,0.46,0.57,0.14,-43.60,-71.30,-34.31,75.58,-34.13,24.12
26404,0.44,0.56,0.11,-42.64,-70.51,-34.87,75.80,-33.94,23.17
26414,0.43,0.55,0.09,-40.62,-66.68,-33.45,75.95,-33.83,22.43
26424,0.42,0.54,0.08,-38.12,-61.57,-31.61,76.06,-33.74,21.83
26434,0.42,0.53,0.08,-34.06,-54.47,-29.41,76.17,-33.65,21.42
26444,0.41,0.52,0.07,-29.33,-46.75,-26.81,76.27,-33.60,21.14
26454,0.41,0.51,0.07,-23.30,-38.66,-23.46,76.41,-33.60,21.00
26464,0.42,0.50,0.06,-17.55,-30.67,-20.55,76.54,-33.59,20.96
26474,0.42,0.49,0.06,-11.64,-21.73,-18.63,76.65,-33.52,21.05
26484,0.42,0.49,0.06,-6.28,-13.13,-17.29,76.76,-33.44,21.23
26494,0.41,0.50,0.07,-1.43,-5.04,-16.80,76.74,-33.34,21.53
26504,0.41,0.51,0.09,2.77,1.19,-16.52,76.69,-33.14,21.84
26514,0.40,0.52,0.12,7.08,5.24,-16.02,76.73,-32.93,22.10
26524,0.39,0.53,0.15,11.67,7.72,-15.44,76.85,-32.73,22.32
26534,0.39,0.55,0.17,16.98,8.09,-15.10,77.10,-32.56,22.44
26544,0.39,0.56,0.17,21.99,6.88,-15.16,77.45,-32.36,22.47
26554,0.38,0.57,0.16,26.26,4.43,-15.10,78.00,-32.14,22.34
26564,0.38,0.59,0.14,29.54,2.09,-14.67,78.59,-32.02,22.17
26574,0.38,0.59,0.11,31.79,1.16,-14.19,79.13,-31.90,22.06
26584,0.38,0.60,0.10,33.40,1.90,-13.83,79.61,-31.76,22.04
26594,0.38,0.61,0.08,35.02,3.83,-12.68,80.06,-31.65,22.10
26604,0.39,0.62,0.07,36.42,5.98,-11.13,80.49,-31.59,22.21
26614,0.40,0.62,0.07,37.68,7.36,-9.54,80.92,-31.61,22.31
26624,0.41,0.62,0.06,39.13,7.94,-8.19,81.40,-31.61,22.38
26634,0.41,0.61,0.05,40.87,8.57,-6.90,81.90,-31.63,22.46
26644,0.42,0.59,0.02,43.20,9.96,-5.75,82.42,-31.65,22.59
26654,0.42,0.58,-0.01,45.20,12.63,-4.72,82.90,-31.65,22.81
26664,0.42,0.57,-0.04,46.37,17.68,-4.25,83.28,-31.62,23.20
26674,0.41,0.57,-0.05,46.22,23.62,-4.33,83.55,-31.54,23.69
26684,0.41,0.60,-0.05,44.07,29.63,-5.60,83.68,-31.34,24.25
26694,0.40,0.63,-0.02,41.17,33.99,-7.23,83.70,-31.04,24.82
26704,0.39,0.68,0.01,37.58,35.15,-8.83,83.69,-30.73,25.27
26714,0.39,0.73,0.02,34.35,34.47,-9.45,83.73,-30.47,25.62
26724,0.40,0.77,0.03,31.09,32.78,-8.56,83.81,-30.28,25.89
26734,0.41,0.81,0.04,27.94,32.09,-7.07,83.85,-30.14,26.20
26744,0.42,0.84,0.05,24.66,33.35,-4.84,83.72,-30.03,26.66
26754,0.43,0.87,0.07,21.70,35.15,-2.27,83.52,-29.97,27.18
26764,0.45,0.90,0.10,19.71,36.85,1.33,83.29,-30.03,27.74
26774,0.47,0.93,0.12,18.67,37.62,5.02,83.10,-30.16,28.28
26784,0.51,0.95,0.14,17.84,36.84,8.50,82.94,-30.36,28.74
26794,0.54,0.96,0.16,16.72,35.19,11.14,82.79,-30.58,29.15
26804,0.57,0.97,0.18,15.28,31.84,12.60,82.68,-30.77,29.44
26814,0.59,0.98,0.20,14.15,27.67,13.51,82.61,-30.96,29.63
26824,0.61,0.98,0.21,13.99,22.53,14.19,82.63,-31.16,29.73
26834,0.63,0.98,0.21,14.01,17.56,14.86,82.69,-31.41,29.77
26844,0.65,0.97,0.20,13.84,11.75,15.46,82.83,-31.71,29.68
26854,0.68,0.97,0.19,13.67,6.69,15.53,83.00,-31.99,29.56
26864,0.69,0.96,0.18,13.95,2.63,14.15,83.20,-32.20,29.43
26874,0.70,0.95,0.18,14.02,0.41,11.89,83.35,-32.34,29.36
26884,0.69,0.94,0.17,14.12,-0.25,8.91,83.44,-32.39,29.36
26894,0.67,0.93,0.17,14.71,-0.15,6.39,83.52,-32.38,29.41
26904,0.65,0.92,0.17,15.54,-0.34,4.63,83.63,-32.35,29.44
26914,0.64,0.92,0.18,16.35,-1.57,3.76,83.77,-32.38,29.42
26924,0.65,0.92,0.18,17.68,-4.12,3.32,84.02,-32.48,29.29
26934,0.66,0.92,0.17,19.05,-6.59,2.06,84.30,-32.56,29.13
26944,0.66,0.92,0.16,20.60,-8.36,0.52,84.66,-32.63,28.94
26954,0.65,0.92,0.14,21.96,-8.84,-0.84,85.03,-32.69,28.80
26964,0.64,0.91,0.12,22.50,-7.45,-1.83,85.39,-32.65,28.72
26974,0.62,0.91,0.11,22.24,-5.48,-2.54,85.68,-32.54,28.69
26984,0.60,0.90,0.10,21.34,-3.58,-2.70,85.89,-32.41,28.70
26994,0.59,0.90,0.09,19.48,-2.23,-2.58,86.05,-32.30,28.71
27004,0.58,0.89,0.08,17.37,-1.65,-2.35,86.18,-32.18,28.69
27014,0.58,0.91,0.08,14.50,-1.53,-2.75,86.18,-32.04,28.70
27024,0.58,0.92,0.08,11.52,-1.58,-3.96,86.14,-31.86,28.70
27034,0.57,0.93,0.08,8.33,-2.01,-6.12,86.09,-31.60,28.66
27044,0.57,0.94,0.07,5.02,-2.68,-8.29,86.08,-31.33,28.57
27054,0.56,0.95,0.07,1.22,-3.89,-10.77,86.03,-31.02,28.43
27064,0.55,0.97,0.06,-2.58,-5.01,-13.29,85.97,-30.69,28.27
27074,0.55,1.00,0.06,-6.52,-5.73,-16.02,85.85,-30.32,28.13
27084,0.54,1.03,0.06,-10.24,-6.00,-18.73,85.65,-29.92,28.03
27094,0.54,1.08,0.07,-13.72,-6.17,-21.08,85.41,-29.51,27.93
27104,0.54,1.12,0.09,-16.64,-6.79,-22.60,85.16,-29.13,27.81
27114,0.54,1.17,0.11,-18.95,-8.57,-23.77,84.95,-28.75,27.62
27124,0.54,1.21,0.12,-20.17,-10.98,-24.47,84.80,-28.39,27.37
27134,0.54,1.25,0.11,-20.33,-13.40,-25.03,84.75,-28.03,27.07
27144,0.54,1.29,0.10,-20.12,-15.36,-25.45,84.73,-27.67,26.76
27154,0.54,1.32,0.09,-19.83,-16.12,-25.47,84.71,-27.34,26.49
27164,0.54,1.35,0.08,-19.87,-16.05,-25.11,84.66,-27.02,26.27
27174,0.54,1.37,0.07,-20.72,-15.63,-24.13,84.54,-26.73,26.07
27184,0.55,1.39,0.08,-21.69,-15.37,-23.00,84.40,-26.45,25.88
27194,0.55,1.40,0.09,-22.09,-15.44,-21.78,84.25,-26.19,25.68
27204,0.56,1.40,0.11,-21.85,-15.82,-20.46,84.09,-25.95,25.49
27214,0.56,1.40,0.12,-21.15,-16.84,-19.12,83.98,-25.73,25.26
27224,0.56,1.39,0.13,-20.42,-18.37,-17.85,83.90,-25.52,24.98
27234,0.57,1.37,0.14,-19.95,-19.77,-16.68,83.78,-25.36,24.72
27244,0.57,1.35,0.14,-19.56,-20.66,-16.03,83.65,-25.20,24.47
27254,0.57,1.32,0.14,-19.30,-20.86,-15.79,83.50,-25.01,24.24
27264,0.56,1.29,0.15,-18.85,-20.84,-15.77,83.35,-24.83,24.03
27274,0.55,1.27,0.15,-18.52,-20.71,-15.39,83.20,-24.68,23.83
27284,0.54,1.24,0.16,-18.59,-20.78,-14.94,83.03,-24.53,23.61
27294,0.53,1.21,0.17,-18.69,-21.06,-13.88,82.86,-24.43,23.39
27304,0.52,1.18,0.17,-18.87,-21.36,-12.51,82.69,-24.38,23.17
27314,0.51,1.15,0.18,-18.75,-21.28,-10.88,82.51,-24.36,22.97
27324,0.50,1.12,0.18,-18.05,-20.39,-9.06,82.35,-24.38,22.82
27334,0.50,1.09,0.18,-17.21,-19.01,-7.14,82.18,-24.44,22.71
27344,0.49,1.06,0.18,-16.54,-17.08,-5.16,82.00,-24.52,22.65
27354,0.49,1.02,0.19,-16.39,-15.69,-3.54,81.81,-24.61,22.58
27364,0.48,0.99,0.19,-16.86,-15.52,-2.29,81.61,-24.71,22.45
27374,0.48,0.96,0.20,-17.46,-16.21,-1.34,81.41,-24.82,22.28
27384,0.48,0.93,0.20,-17.80,-18.11,-0.52,81.27,-24.95,22.04
27394,0.48,0.91,0.20,-18.07,-19.89,0.02,81.14,-25.10,21.77
27404,0.48,0.89,0.20,-18.56,-21.62,0.36,80.99,-25.23,21.49
27414,0.49,0.88,0.20,-19.08,-23.71,0.37,80.86,-25.35,21.18
27424,0.49,0.87,0.21,-20.26,-27.09,-0.47,80.72,-25.44,20.76
27434,0.48,0.86,0.21,-21.94,-31.74,-1.46,80.59,-25.50,20.23
27444,0.48,0.85,0.21,-24.71,-38.27,-2.39,80.46,-25.59,19.55
27454,0.47,0.84,0.21,-27.19,-45.11,-3.24,80.35,-25.67,18.79
27464,0.45,0.83,0.20,-29.23,-52.47,-3.79,80.29,-25.70,17.91
27474,0.43,0.83,0.18,-30.66,-58.91,-3.58,80.41,-25.75,16.95
27484,0.41,0.82,0.16,-31.67,-64.26,-2.49,80.55,-25.87,15.98
27494,0.40,0.81,0.13,-32.56,-68.59,-1.05,80.69,-26.04,15.00
27504,0.39,0.80,0.11,-33.62,-70.62,0.82,80.78,-26.23,14.11
27514,0.38,0.79,0.09,-34.62,-71.06,2.41,80.83,-26.40,13.29
27524,0.37,0.79,0.08,-35.93,-69.78,4.32,80.82,-26.60,12.55
27534,0.37,0.78,0.08,-36.88,-67.81,6.49,80.79,-26.81,11.88
27544,0.36,0.77,0.08,-37.37,-64.93,8.92,80.73,-27.03,11.28
27554,0.36,0.77,0.08,-37.19,-62.42,11.31,80.69,-27.25,10.70
27564,0.36,0.77,0.07,-36.80,-61.00,13.40,80.70,-27.52,10.09
27574,0.36,0.77,0.06,-36.76,-60.28,15.39,80.70,-27.80,9.45
27584,0.36,0.77,0.05,-37.08,-60.25,17.64,80.70,-28.12,8.78
27594,0.36,0.77,0.04,-37.50,-59.49,19.83,80.68,-28.47,8.16
27604,0.36,0.78,0.04,-37.93,-57.29,22.09,80.61,-28.82,7.63
27614,0.36,0.78,0.03,-37.80,-54.37,24.19,80.53,-29.17,7.16
27624,0.36,0.78,0.04,-37.68,-51.16,26.50,80.43,-29.54,6.75
27634,0.37,0.77,0.04,-38.06,-48.32,29.00,80.29,-29.94,6.37
27644,0.37,0.76,0.04,-38.53,-45.31,31.91,80.13,-30.38,6.03
27654,0.37,0.75,0.05,-38.66,-41.82,34.42,79.95,-30.83,5.75
27664,0.37,0.74,0.06,-38.46,-37.77,36.47,79.68,-31.20,5.58
27674,0.38,0.72,0.08,-37.57,-34.28,38.53,79.33,-31.64,5.49
27684,0.38,0.70,0.08,-36.72,-31.89,40.55,79.13,-32.25,5.31
27694,0.40,0.68,0.09,-36.13,-29.96,42.10,78.85,-32.88,5.17
27704,0.42,0.66,0.10,-35.26,-27.38,43.00,78.58,-33.49,5.08
27714,0.43,0.65,0.11,-33.46,-22.68,43.34,78.24,-34.04,5.16
27724,0.44,0.63,0.12,-31.88,-18.38,43.30,77.88,-34.56,5.29
27734,0.45,0.62,0.13,-31.40,-15.88,42.56,77.47,-35.01,5.37
27744,0.46,0.61,0.14,-31.38,-14.66,41.46,77.09,-35.46,5.41
27754,0.47,0.59,0.16,-30.61,-14.96,39.67,76.78,-35.88,5.35
27764,0.48,0.58,0.17,-29.46,-15.57,37.65,76.53,-36.27,5.27
27774,0.48,0.57,0.17,-27.34,-16.31,36.03,76.37,-36.70,5.16
27784,0.49,0.56,0.17,-25.13,-16.90,34.58,76.24,-37.13,5.04
27794,0.49,0.55,0.16,-22.83,-16.76,33.18,76.15,-37.55,4.94
27804,0.50,0.53,0.15,-20.68,-16.17,31.91,76.08,-37.95,4.85
27814,0.51,0.51,0.15,-18.42,-14.50,30.48,75.97,-38.32,4.86
27824,0.51,0.50,0.16,-16.30,-13.19,28.73,75.84,-38.64,4.87
27834,0.52,0.48,0.16,-13.10,-13.20,26.54,75.86,-38.95,4.79
27844,0.54,0.45,0.15,-9.21,-13.59,24.07,76.00,-39.24,4.65
27854,0.55,0.43,0.13,-4.63,-14.02,20.14,76.27,-39.43,4.45
27864,0.56,0.41,0.10,-0.11,-13.83,16.06,76.60,-39.56,4.26
27874,0.56,0.39,0.07,4.11,-11.78,11.13,76.92,-39.58,4.15
27884,0.56,0.38,0.04,7.49,-8.74,6.18,77.20,-39.53,4.10
27894,0.56,0.38,0.02,11.17,-3.81,0.66,77.45,-39.37,4.20
27904,0.55,0.38,0.02,15.43,2.07,-4.03,77.67,-39.19,4.42
27914,0.54,0.38,0.02,20.80,8.81,-8.09,77.91,-38.96,4.76
27924,0.53,0.39,0.02,26.40,15.26,-11.29,78.16,-38.75,5.19
27934,0.52,0.38,0.02,32.81,21.21,-13.42,78.47,-38.54,5.66
27944,0.50,0.36,0.01,39.24,26.55,-14.63,78.84,-38.35,6.17
27954,0.49,0.35,-0.00,46.00,31.15,-15.12,79.29,-38.18,6.71
27964,0.49,0.34,-0.03,52.33,35.58,-15.19,79.76,-38.00,7.28
27974,0.48,0.35,-0.03,58.01,41.41,-15.99,80.18,-37.77,8.00
27984,0.47,0.36,-0.03,62.34,47.28,-17.48,80.54,-37.51,8.79
27994,0.46,0.37,0.00,66.14,52.46,-19.01,80.77,-37.24,9.68
28004,0.45,0.39,0.03,70.30,55.82,-19.96,81.05,-36.93,10.55
28014,0.44,0.39,0.06,75.51,57.71,-20.03,81.46,-36.68,11.37
28024,0.43,0.39,0.06,83.24,58.64,-18.94,82.14,-36.56,12.13
28034,0.43,0.39,0.05,91.88,59.16,-17.67,83.02,-36.46,12.84
28044,0.45,0.41,0.01,100.73,59.68,-16.93,84.03,-36.29,13.52
28054,0.46,0.44,-0.03,105.97,60.72,-17.37,84.95,-36.07,14.23
28064,0.46,0.47,-0.06,103.94,61.65,-19.24,85.56,-35.77,14.95
28074,0.46,0.51,-0.06,98.73,61.98,-21.08,86.00,-35.44,15.64
28084,0.46,0.54,-0.05,93.06,62.17,-22.34,86.36,-35.06,16.34
28094,0.46,0.58,-0.02,88.80,61.87,-23.04,86.59,-34.69,17.10
28104,0.47,0.62,-0.01,85.87,59.86,-22.56,86.95,-34.35,17.73
28114,0.48,0.66,-0.00,82.48,55.42,-22.11,87.46,-34.05,18.14
28124,0.50,0.71,-0.00,76.67,48.40,-22.11,87.95,-33.77,18.32
28134,0.51,0.75,-0.01,70.22,42.59,-23.24,88.36,-33.43,18.49
28144,0.50,0.78,0.00,63.40,39.77,-25.39,88.53,-32.97,18.83
28154,0.48,0.81,0.01,58.18,38.45,-26.11,88.66,-32.57,19.23
28164,0.46,0.83,0.02,54.86,37.09,-24.08,88.85,-32.29,19.62
28174,0.46,0.86,0.02,52.05,34.56,-20.55,89.11,-32.11,19.90
28184,0.45,0.87,0.01,48.64,30.03,-15.16,89.42,-32.06,20.03
28194,0.46,0.89,0.00,44.98,25.91,-9.47,89.72,-32.10,20.11
28204,0.47,0.89,0.00,40.92,24.49,-4.10,89.90,-32.18,20.31
28214,0.48,0.88,0.01,36.49,25.66,-0.00,89.81,-32.28,20.71
28224,0.48,0.86,0.04,30.04,26.47,2.74,89.57,-32.43,21.11
28234,0.49,0.83,0.08,22.75,24.05,4.26,89.33,-32.55,21.33
28244,0.50,0.81,0.12,14.33,16.09,3.25,89.15,-32.56,21.19
28254,0.52,0.81,0.15,6.28,5.19,1.38,89.04,-32.53,20.78
28264,0.55,0.83,0.15,-1.54,-10.51,-0.91,89.09,-32.47,19.96
28274,0.58,0.87,0.13,-8.07,-25.47,-3.01,89.21,-32.41,18.99
28284,0.61,0.93,0.10,-11.88,-35.90,-3.53,89.52,-32.37,18.02
28294,0.63,0.98,0.07,-12.85,-40.48,-2.53,89.83,-32.37,17.27
28304,0.64,1.03,0.03,-9.13,-35.02,0.19,90.05,-32.43,17.07
28314,0.64,1.07,-0.00,-2.88,-23.44,4.00,90.21,-32.55,17.30
28324,0.63,1.11,-0.02,5.80,-6.03,8.94,90.27,-32.75,18.02
28334,0.64,1.15,-0.04,13.63,9.64,13.39,90.32,-32.97,18.85
28344,0.65,1.19,-0.05,18.71,20.14,15.92,90.37,-33.15,19.55
28354,0.66,1.22,-0.06,21.06,26.28,16.64,90.41,-33.27,20.11
28364,0.67,1.26,-0.08,20.85,28.75,15.90,90.44,-33.32,20.53
28374,0.69,1.29,-0.10,17.79,28.03,13.86,90.41,-33.32,20.79
28384,0.69,1.31,-0.12,14.29,26.77,10.99,90.36,-33.25,21.00
28394,0.69,1.32,-0.13,11.22,26.98,8.06,90.24,-33.14,21.29
28404,0.68,1.33,-0.14,9.09,27.73,6.00,90.13,-33.05,21.61
28414,0.68,1.34,-0.15,7.59,28.61,4.91,90.01,-32.98,21.95
28424,0.68,1.34,-0.15,6.55,29.73,4.16,89.90,-32.93,22.32
28434,0.69,1.33,-0.15,5.89,31.25,3.36,89.77,-32.86,22.72
28444,0.69,1.32,-0.14,5.01,32.52,2.88,89.63,-32.81,23.12
28454,0.70,1.31,-0.13,2.60,32.78,3.10,89.43,-32.79,23.47
28464,0.70,1.29,-0.11,-0.40,31.97,3.65,89.19,-32.77,23.78
28474,0.71,1.26,-0.08,-3.36,29.22,4.16,88.85,-32.90,24.03
28484,0.72,1.24,-0.06,-5.26,25.61,4.09,88.59,-33.03,24.20
28494,0.73,1.21,-0.04,-6.40,21.11,2.97,88.43,-33.12,24.25
28504,0.74,1.19,-0.03,-7.35,16.52,1.40,88.34,-33.19,24.22
28514,0.74,1.17,-0.01,-8.29,11.60,-0.88,88.31,-33.20,24.11
28524,0.74,1.16,-0.01,-9.45,6.79,-3.25,88.33,-33.14,23.91
28534,0.74,1.16,-0.00,-11.05,1.38,-6.05,88.36,-32.90,23.62
28544,0.73,1.16,0.01,-12.17,-3.12,-9.03,88.34,-32.58,23.36
28554,0.72,1.16,0.01,-12.40,-6.50,-11.59,88.36,-32.26,23.10
28564,0.71,1.17,0.01,-12.31,-9.13,-13.64,88.42,-31.94,22.84
28574,0.70,1.17,0.01,-12.32,-11.06,-14.81,88.42,-31.64,22.61
28584,0.69,1.17,0.02,-12.01,-12.51,-15.53,88.42,-31.35,22.39
28594,0.69,1.17,0.02,-10.77,-12.61,-15.55,88.42,-31.08,22.25
28604,0.69,1.16,0.02,-9.19,-12.09,-15.38,88.36,-30.93,22.18
28614,0.68,1.15,0.03,-7.45,-11.22,-15.07,88.40,-30.68,22.08
28624,0.67,1.14,0.02,-6.13,-10.22,-14.57,88.49,-30.46,21.97
28634,0.66,1.12,0.02,-6.04,-9.44,-14.28,88.51,-30.43,21.88
28644,0.65,1.10,0.03,-6.39,-8.70,-14.18,88.38,-30.31,21.85
28654,0.64,1.09,0.04,-7.74,-8.30,-14.81,88.20,-30.15,21.82
28664,0.63,1.07,0.05,-9.71,-8.81,-15.77,87.99,-29.96,21.73
28674,0.62,1.05,0.07,-12.61,-10.64,-17.20,87.77,-29.75,21.56
28684,0.61,1.03,0.09,-15.45,-13.09,-18.57,87.55,-29.53,21.33
28694,0.59,1.00,0.10,-16.85,-14.89,-19.11,87.36,-29.33,21.11
28704,0.57,0.98,0.11,-16.45,-15.13,-18.30,87.22,-29.18,20.96
28714,0.56,0.96,0.13,-14.67,-14.12,-16.30,87.11,-29.13,20.88
28724,0.57,0.94,0.14,-12.15,-12.03,-13.49,87.03,-29.15,20.88
28734,0.57,0.92,0.14,-9.83,-9.79,-11.25,86.95,-29.18,20.91
28744,0.58,0.91,0.15,-8.77,-9.41,-10.53,86.87,-29.16,20.85
28754,0.58,0.90,0.15,-9.14,-10.48,-10.54,86.77,-29.13,20.71
28764,0.58,0.89,0.14,-12.17,-14.55,-11.31,86.64,-29.08,20.38
28774,0.58,0.89,0.13,-15.90,-19.39,-12.49,86.50,-29.03,19.95
28784,0.57,0.88,0.11,-19.43,-23.99,-13.91,86.39,-28.97,19.46
28794,0.56,0.88,0.10,-21.61,-26.67,-14.76,86.26,-28.92,19.04
28804,0.54,0.88,0.10,-22.25,-26.96,-14.73,86.18,-28.90,18.71
28814,0.53,0.88,0.09,-22.00,-25.59,-14.11,86.07,-28.69,18.48
28824,0.52,0.87,0.08,-21.15,-22.66,-13.01,85.87,-28.57,18.39
28834,0.50,0.87,0.08,-20.30,-20.00,-12.03,85.81,-28.41,18.25
28844,0.48,0.87,0.07,-20.50,-18.32,-10.98,85.71,-28.25,18.09
28854,0.47,0.87,0.07,-21.89,-17.45,-10.05,85.53,-28.08,17.91
28864,0.45,0.87,0.07,-25.40,-18.06,-8.52,85.24,-27.96,17.69
28874,0.44,0.87,0.07,-28.91,-19.47,-6.37,84.91,-27.90,17.42
28884,0.43,0.86,0.08,-31.47,-20.35,-3.52,84.58,-27.90,17.17
28894,0.42,0.85,0.08,-32.79,-19.92,-0.51,84.21,-27.97,17.02
28904,0.42,0.84,0.09,-32.65,-17.86,2.63,83.85,-28.13,16.97
28914,0.42,0.82,0.10,-31.51,-15.02,5.47,83.50,-28.28,16.99
28924,0.41,0.81,0.10,-29.44,-11.83,8.10,83.20,-28.39,17.05
28934,0.40,0.80,0.10,-28.25,-10.02,10.81,82.95,-28.50,17.06
28944,0.40,0.79,0.10,-28.95,-10.76,14.21,82.76,-28.71,16.91
28954,0.40,0.78,0.09,-30.39,-12.81,17.37,82.58,-29.02,16.68
28964,0.41,0.77,0.09,-32.49,-15.18,20.11,82.31,-29.47,16.43
28974,0.41,0.75,0.10,-33.68,-16.45,22.01,81.95,-29.87,16.27
28984,0.42,0.73,0.10,-33.68,-16.64,23.11,81.63,-30.25,16.14
28994,0.42,0.72,0.10,-33.46,-17.08,23.85,81.38,-30.66,15.98
29004,0.43,0.71,0.10,-33.61,-18.28,24.38,81.21,-31.05,15.73
29014,0.44,0.70,0.09,-33.78,-19.91,24.35,81.07,-31.40,15.43
29024,0.45,0.70,0.08,-34.14,-21.58,23.36,80.93,-31.72,15.11
29034,0.45,0.70,0.09,-34.15,-22.42,21.90,80.76,-32.03,14.82
29044,0.45,0.69,0.09,-33.01,-22.72,20.39,80.54,-32.30,14.61
29054,0.45,0.69,0.10,-29.63,-21.43,19.48,80.37,-32.49,14.50
29064,0.44,0.68,0.11,-24.13,-19.33,19.35,80.30,-32.67,14.46
29074,0.44,0.68,0.12,-14.35,-14.89,20.70,80.42,-32.88,14.59
29084,0.42,0.67,0.11,-2.65,-7.59,23.01,80.74,-33.06,14.88
29094,0.41,0.67,0.09,10.83,4.00,27.62,81.11,-33.38,15.51
29104,0.39,0.68,0.06,21.96,16.05,33.12,81.39,-33.78,16.32
29114,0.39,0.68,0.01,24.30,24.58,39.31,81.38,-34.31,17.08
29124,0.40,0.67,-0.02,18.36,27.11,44.10,81.11,-34.90,17.58
29134,0.42,0.64,-0.03,4.09,22.40,46.24,80.58,-35.49,17.68
29144,0.43,0.60,-0.03,-9.22,17.70,46.65,79.98,-36.04,17.72
29154,0.44,0.57,-0.02,-17.46,18.05,45.80,79.34,-36.52,18.02
29164,0.44,0.54,-0.00,-21.19,22.27,44.86,78.65,-36.96,18.59
29174,0.44,0.52,0.02,-21.38,29.48,43.95,77.89,-37.34,19.44
29184,0.45,0.51,0.04,-20.81,35.68,43.68,77.12,-37.73,20.33
29194,0.46,0.48,0.07,-20.50,38.96,43.10,76.40,-38.09,21.14
29204,0.46,0.45,0.09,-21.11,39.20,42.01,75.72,-38.45,21.79
29214,0.48,0.42,0.11,-21.93,35.36,39.68,75.19,-38.79,22.17
29224,0.50,0.40,0.12,-22.25,29.88,35.86,74.81,-39.07,22.37
29234,0.51,0.39,0.13,-21.34,23.40,29.81,74.59,-39.24,22.38
29244,0.52,0.38,0.13,-19.55,17.51,23.76,74.49,-39.36,22.32
29254,0.52,0.38,0.13,-16.31,12.40,18.02,74.52,-39.45,22.21
29264,0.53,0.38,0.12,-12.60,8.10,12.62,74.63,-39.50,22.07
29274,0.53,0.38,0.11,-8.17,4.84,7.00,74.85,-39.49,21.90
29284,0.53,0.38,0.10,-3.72,2.31,2.12,75.12,-39.45,21.72
29294,0.52,0.37,0.10,0.82,0.69,-2.80,75.41,-39.36,21.57
29304,0.51,0.36,0.09,5.11,-0.16,-7.05,75.72,-39.25,21.44
29314,0.50,0.34,0.09,9.82,0.08,-10.30,76.05,-39.13,21.38
29324,0.48,0.33,0.08,14.87,1.35,-12.62,76.40,-39.02,21.39
29334,0.48,0.32,0.08,20.84,4.20,-13.71,76.75,-38.92,21.53
29344,0.48,0.32,0.08,27.21,8.21,-14.28,77.12,-38.82,21.79
29354,0.48,0.31,0.07,34.18,13.78,-14.89,77.50,-38.69,22.18
29364,0.48,0.30,0.07,40.37,19.30,-15.77,77.86,-38.52,22.65
29374,0.47,0.29,0.06,45.46,24.14,-17.50,78.24,-38.31,23.11
29384,0.47,0.30,0.06,48.95,28.06,-19.36,78.59,-38.07,23.58
29394,0.47,0.32,0.07,50.26,30.45,-21.69,78.84,-37.79,24.03
29404,0.44,0.34,0.10,48.99,29.99,-25.14,79.03,-37.35,24.34
29414,0.43,0.36,0.14,47.75,28.34,-26.69,79.25,-36.99,24.59
29424,0.42,0.38,0.17,49.74,25.70,-25.50,79.65,-36.75,24.78
29434,0.42,0.40,0.19,53.74,22.63,-23.64,80.20,-36.59,24.93
29444,0.42,0.41,0.18,59.21,18.37,-21.09,80.93,-36.55,24.97
29454,0.43,0.42,0.16,63.67,13.77,-18.98,81.82,-36.56,24.88
29464,0.45,0.46,0.13,64.70,9.63,-18.66,82.64,-36.49,24.72
29474,0.46,0.49,0.12,63.10,6.07,-19.94,83.37,-36.32,24.54
29484,0.46,0.54,0.12,59.23,3.50,-22.12,83.81,-35.95,24.46
29494,0.46,0.58,0.14,55.75,1.31,-23.03,84.22,-35.64,24.38
29504,0.46,0.63,0.15,54.02,-1.08,-21.77,84.69,-35.43,24.28
29514,0.47,0.66,0.16,54.40,-4.24,-19.16,85.29,-35.31,24.11
29524,0.48,0.70,0.14,56.56,-8.77,-15.19,86.18,-35.23,23.76
29534,0.50,0.73,0.10,58.15,-12.69,-11.24,87.12,-35.27,23.36
29544,0.52,0.76,0.06,57.17,-14.28,-7.81,87.90,-35.34,23.05
29554,0.55,0.79,0.02,54.00,-13.25,-5.86,88.48,-35.36,22.88
29564,0.56,0.82,0.02,49.00,-8.76,-5.38,88.77,-35.23,22.95
29574,0.56,0.86,0.02,44.33,-3.91,-4.99,88.89,-35.09,23.16
29584,0.57,0.89,0.03,40.41,-0.76,-3.51,88.99,-35.02,23.34
29594,0.58,0.92,0.04,37.60,0.85,-1.31,89.14,-35.02,23.47
29604,0.58,0.95,0.04,35.94,1.34,1.37,89.41,-35.02,23.51
29614,0.59,0.97,0.02,34.40,1.44,3.93,89.74,-35.07,23.50
29624,0.60,0.99,-0.01,31.89,1.92,6.43,90.02,-35.18,23.49
29634,0.61,1.02,-0.03,28.43,3.99,8.57,90.16,-35.28,23.60
29644,0.63,1.05,-0.04,24.27,8.29,10.15,90.13,-35.36,23.87
29654,0.64,1.08,-0.04,21.03,13.82,11.26,89.98,-35.40,24.29
29664,0.63,1.10,-0.03,19.17,20.79,13.05,89.74,-35.49,24.90
29674,0.63,1.13,-0.01,18.35,26.51,15.41,89.51,-35.63,25.52
29684,0.63,1.15,-0.00,18.46,29.90,18.43,89.37,-35.82,26.07
29694,0.64,1.16,-0.01,19.25,31.80,21.58,89.34,-36.05,26.54
29704,0.65,1.18,-0.03,20.49,32.85,24.92,89.39,-36.34,26.96
29714,0.66,1.19,-0.05,21.21,34.35,27.70,89.42,-36.65,27.42
29724,0.67,1.21,-0.08,20.33,37.11,29.81,89.31,-36.95,27.97
29734,0.68,1.23,-0.10,18.26,40.36,31.19,89.09,-37.24,28.60
29744,0.69,1.25,-0.10,15.27,44.35,31.87,88.72,-37.49,29.32
29754,0.69,1.26,-0.09,12.57,49.56,32.16,88.24,-37.70,30.19
29764,0.69,1.27,-0.08,10.65,53.45,32.82,87.76,-37.92,31.06
29774,0.70,1.29,-0.06,8.83,54.05,33.80,87.34,-38.16,31.78
29784,0.72,1.30,-0.05,6.81,51.86,34.63,87.02,-38.41,32.33
29794,0.75,1.29,-0.04,4.37,46.36,35.28,86.81,-38.68,32.63
29804,0.77,1.29,-0.04,1.89,40.19,35.50,86.68,-38.96,32.80
29814,0.80,1.27,-0.03,-0.76,34.04,35.00,86.57,-39.25,32.88
29824,0.83,1.26,-0.03,-3.15,29.11,33.79,86.46,-39.52,32.96
29834,0.87,1.24,-0.02,-4.44,24.88,31.56,86.39,-39.78,33.01
29844,0.90,1.22,-0.01,-5.10,20.88,28.54,86.34,-40.01,33.04
29854,0.91,1.20,0.00,-5.24,16.64,24.26,86.38,-40.13,32.98
29864,0.93,1.19,0.00,-5.31,12.19,19.86,86.47,-40.19,32.84
29874,0.94,1.17,0.00,-6.14,7.47,15.44,86.57,-40.20,32.63
29884,0.94,1.16,0.00,-7.48,3.22,11.32,86.67,-40.20,32.38
29894,0.95,1.15,0.00,-9.24,-1.32,6.80,86.76,-40.15,32.06
29904,0.96,1.14,0.01,-10.41,-5.51,1.95,86.88,-40.07,31.71
29914,0.96,1.14,0.02,-10.44,-9.09,-3.53,87.09,-39.85,31.32
29924,0.94,1.13,0.01,-9.83,-11.61,-8.23,87.31,-39.56,30.95
29934,0.93,1.12,0.00,-8.73,-12.97,-11.85,87.53,-39.27,30.63
29944,0.91,1.11,-0.00,-7.96,-13.63,-14.38,87.72,-39.00,30.35
29954,0.90,1.10,-0.01,-7.81,-13.07,-16.27,87.85,-38.76,30.13
29964,0.88,1.09,-0.00,-8.19,-12.22,-17.62,87.93,-38.54,29.94
29974,0.87,1.07,0.00,-8.83,-11.00,-18.72,87.98,-38.28,29.79
29984,0.85,1.06,0.01,-9.29,-9.64,-19.52,88.01,-38.06,29.66
29994,0.83,1.04,0.02,-9.33,-8.05,-19.84,87.84,-37.90,29.69
30004,0.82,1.01,0.02,-9.18,-6.18,-20.12,87.70,-37.79,29.72
30014,0.80,0.99,0.03,-9.62,-3.46,-20.54,87.46,-37.64,29.85
30024,0.79,0.96,0.04,-10.69,-1.07,-21.18,87.21,-37.50,29.97
30034,0.78,0.94,0.04,-13.32,0.26,-22.50,86.88,-37.32,30.06
30044,0.77,0.92,0.06,-16.28,1.40,-24.26,86.48,-37.06,30.16
30054,0.75,0.90,0.08,-19.15,2.03,-26.30,86.07,-36.75,30.25
30064,0.73,0.88,0.09,-21.59,2.28,-27.95,85.65,-36.41,30.32
30074,0.70,0.87,0.11,-23.40,1.94,-29.06,85.26,-36.08,30.35
30084,0.68,0.86,0.13,-24.84,1.18,-29.57,84.89,-35.75,30.35
30094,0.66,0.85,0.14,-25.68,0.06,-29.51,84.55,-35.46,30.32
30104,0.64,0.84,0.14,-26.28,-1.68,-28.84,84.25,-35.18,30.24
30114,0.62,0.83,0.14,-27.21,-3.61,-28.10,83.94,-34.91,30.12
30124,0.60,0.82,0.13,-29.50,-6.06,-26.94,83.61,-34.64,29.94
30134,0.58,0.81,0.13,-32.34,-8.61,-25.57,83.23,-34.41,29.74
30144,0.56,0.79,0.13,-35.45,-10.76,-24.01,82.80,-34.23,29.53
30154,0.54,0.77,0.13,-37.74,-12.55,-22.12,82.38,-34.11,29.33
30164,0.53,0.75,0.13,-39.26,-14.59,-19.94,82.00,-34.01,29.09
30174,0.51,0.74,0.13,-40.47,-16.68,-17.75,81.62,-33.94,28.83
30184,0.50,0.73,0.14,-41.26,-17.98,-15.20,81.24,-33.90,28.59
30194,0.49,0.71,0.14,-41.61,-18.98,-12.45,80.88,-33.89,28.37
30204,0.47,0.70,0.15,-41.87,-20.65,-9.14,80.53,-33.95,28.10
30214,0.46,0.69,0.15,-42.43,-23.21,-5.89,80.21,-34.05,27.77
30224,0.46,0.68,0.14,-43.20,-26.17,-1.85,80.00,-34.36,27.34
30234,0.46,0.66,0.13,-43.58,-28.49,1.75,79.79,-34.70,26.92
30244,0.46,0.65,0.13,-43.03,-29.52,5.10,79.58,-35.06,26.56
30254,0.47,0.64,0.12,-42.21,-29.57,7.50,79.38,-35.39,26.24
30264,0.48,0.63,0.13,-41.70,-29.35,8.42,79.08,-35.64,25.97
30274,0.48,0.63,0.14,-41.21,-29.11,8.71,78.78,-35.80,25.71
30284,0.48,0.64,0.14,-40.80,-29.85,9.37,78.51,-35.93,25.39
30294,0.48,0.64,0.14,-40.58,-31.60,10.62,78.47,-36.13,24.91
30304,0.48,0.64,0.13,-41.05,-35.01,12.47,78.45,-36.46,24.31
30314,0.50,0.65,0.11,-41.52,-37.70,14.06,78.43,-36.80,23.72
30324,0.51,0.65,0.10,-41.72,-37.74,14.97,78.36,-37.09,23.24
30334,0.51,0.66,0.09,-42.08,-36.09,15.37,78.22,-37.33,22.86
30344,0.51,0.66,0.10,-42.45,-33.13,16.15,78.01,-37.60,22.59
30354,0.52,0.65,0.11,-42.22,-30.36,17.48,77.66,-37.97,22.43
30364,0.54,0.63,0.10,-40.80,-27.77,18.64,77.44,-38.34,22.26
30374,0.55,0.62,0.10,-39.15,-24.77,18.91,77.21,-38.67,22.14
30384,0.55,0.61,0.11,-37.03,-20.79,18.07,76.90,-38.94,22.14
30394,0.54,0.60,0.12,-34.86,-17.11,16.94,76.55,-39.15,22.20
30404,0.53,0.59,0.13,-32.99,-14.04,16.71,76.19,-39.25,22.28
30414,0.52,0.58,0.14,-31.95,-12.27,17.09,75.81,-39.46,22.34
30424,0.51,0.56,0.15,-31.27,-11.12,18.22,75.44,-39.75,22.39
30434,0.50,0.53,0.16,-30.07,-9.47,19.28,75.06,-40.04,22.50
30444,0.50,0.50,0.17,-28.05,-7.31,19.77,74.71,-40.30,22.65
30454,0.49,0.48,0.19,-24.21,-4.31,19.62,74.41,-40.50,22.88
30464,0.47,0.45,0.20,-19.75,-1.13,19.49,74.15,-40.68,23.16
30474,0.46,0.41,0.20,-15.20,1.69,19.38,73.93,-40.89,23.46
30484,0.46,0.38,0.20,-11.61,3.42,19.65,73.75,-41.14,23.71
30494,0.48,0.34,0.18,-9.20,4.48,18.68,73.61,-41.37,23.90
30504,0.49,0.31,0.17,-7.42,6.51,15.70,73.43,-41.47,24.13
30514,0.49,0.29,0.17,-5.54,9.78,11.05,73.23,-41.43,24.43
30524,0.50,0.28,0.17,-3.20,13.33,6.85,73.03,-41.36,24.78
30534,0.50,0.28,0.17,0.56,17.67,2.50,72.85,-41.20,25.21
30544,0.51,0.30,0.19,5.25,21.67,-1.86,72.73,-40.96,25.68
30554,0.51,0.33,0.21,11.04,23.83,-6.53,72.77,-40.65,26.06
30564,0.51,0.36,0.23,16.66,23.87,-10.73,72.93,-40.32,26.32
30574,0.50,0.39,0.24,22.05,20.86,-13.16,73.24,-40.08,26.42
30584,0.49,0.41,0.24,27.02,16.32,-14.08,73.66,-39.91,26.39
30594,0.50,0.42,0.22,32.30,9.27,-13.42,74.35,-39.97,26.13
30604,0.51,0.43,0.19,37.57,2.33,-12.90,75.23,-40.03,25.74
30614,0.52,0.45,0.14,43.33,-2.06,-13.36,76.17,-39.99,25.38
30624,0.53,0.46,0.10,48.29,-4.04,-14.31,77.09,-39.88,25.11
30634,0.53,0.48,0.06,51.02,-3.30,-15.86,77.86,-39.70,24.97
30644,0.52,0.50,0.04,52.27,-1.46,-16.97,78.53,-39.50,24.92
30654,0.51,0.51,0.04,52.87,1.20,-16.56,79.11,-39.33,24.97
30664,0.51,0.52,0.04,53.92,3.10,-14.83,79.72,-39.26,25.02
30674,0.51,0.51,0.04,56.45,3.15,-11.60,80.42,-39.36,25.02
30684,0.52,0.50,0.03,59.92,2.71,-7.92,81.23,-39.49,25.00
30694,0.53,0.49,-0.01,63.95,2.82,-4.29,82.08,-39.66,25.00
30704,0.54,0.48,-0.04,66.96,3.98,-1.78,82.89,-39.78,25.06
30714,0.54,0.48,-0.06,67.76,7.47,-0.97,83.52,-39.83,25.27
30724,0.53,0.49,-0.05,66.92,11.61,-1.07,84.02,-39.85,25.58
30734,0.52,0.51,-0.00,65.29,15.10,-1.22,84.27,-39.77,26.01
30744,0.50,0.53,0.04,64.96,16.83,-0.15,84.61,-39.77,26.39
30754,0.50,0.54,0.07,67.34,13.77,3.18,85.25,-39.93,26.49
30764,0.51,0.54,0.08,70.45,7.14,6.57,86.16,-40.23,26.31
30774,0.52,0.52,0.04,73.56,-2.24,9.14,87.44,-40.51,25.74
30784,0.53,0.50,-0.02,75.51,-10.24,10.51,88.73,-40.74,25.12
30794,0.55,0.49,-0.09,75.92,-15.44,10.02,89.93,-40.87,24.57
30804,0.56,0.49,-0.14,73.46,-13.98,7.36,90.76,-40.86,24.38
30814,0.55,0.50,-0.16,69.87,-8.17,3.98,91.30,-40.78,24.51
30824,0.53,0.53,-0.14,65.51,2.50,1.17,91.46,-40.61,25.06
30834,0.50,0.56,-0.11,61.78,12.89,-0.07,91.42,-40.47,25.81
30844,0.49,0.60,-0.06,59.51,20.92,1.32,91.39,-40.49,26.56
30854,0.49,0.62,-0.02,58.21,25.33,3.77,91.46,-40.58,27.18
30864,0.50,0.64,-0.00,57.37,24.34,6.51,91.74,-40.72,27.50
30874,0.53,0.67,-0.00,55.98,21.17,8.50,92.09,-40.81,27.66
30884,0.56,0.70,-0.01,52.81,16.62,8.88,92.57,-40.82,27.59
30894,0.58,0.73,-0.03,48.24,12.49,7.93,93.00,-40.81,27.47
30904,0.59,0.76,-0.04,41.56,8.92,5.94,93.25,-40.69,27.37
30914,0.60,0.79,-0.05,35.22,6.69,4.14,93.39,-40.55,27.33
30924,0.60,0.82,-0.05,29.63,5.95,3.00,93.46,-40.42,27.35
30934,0.60,0.85,-0.06,25.05,5.40,2.63,93.53,-40.32,27.38
30944,0.61,0.89,-0.07,21.01,4.92,3.29,93.60,-40.28,27.38
30954,0.63,0.93,-0.08,17.09,5.08,4.19,93.61,-40.25,27.42
30964,0.65,0.97,-0.09,12.69,6.22,5.49,93.51,-40.25,27.53
30974,0.67,1.01,-0.09,8.71,7.84,6.80,93.35,-40.27,27.69
30984,0.68,1.04,-0.09,5.23,10.75,8.29,93.10,-40.31,27.96
30994,0.68,1.06,-0.09,3.03,14.82,10.07,92.81,-40.39,28.35
31004,0.68,1.07,-0.09,2.78,21.04,13.26,92.48,-40.56,28.91
31014,0.68,1.09,-0.09,3.48,27.56,16.87,92.12,-40.78,29.58
31024,0.69,1.10,-0.09,4.09,34.02,20.25,91.69,-41.03,30.35
31034,0.71,1.10,-0.08,3.73,38.30,22.54,91.26,-41.24,31.06
31044,0.74,1.11,-0.08,1.77,39.26,23.58,90.86,-41.42,31.60
31054,0.76,1.12,-0.07,-1.58,37.83,23.44,90.46,-41.54,32.01
31064,0.79,1.12,-0.07,-7.80,33.52,21.53,90.06,-41.59,32.18
31074,0.82,1.12,-0.06,-15.19,28.00,18.95,89.64,-41.60,32.20
31084,0.84,1.12,-0.04,-22.81,21.28,15.30,89.10,-41.51,32.16
31094,0.87,1.12,-0.04,-28.36,15.34,11.57,88.75,-41.40,32.00
31104,0.88,1.12,-0.03,-31.63,10.17,7.74,88.50,-41.29,31.79
31114,0.90,1.12,-0.03,-33.91,6.28,4.34,88.25,-41.16,31.59
31124,0.92,1.13,-0.03,-35.85,4.02,1.02,87.97,-41.00,31.46
31134,0.93,1.14,-0.01,-37.58,2.24,-2.41,87.64,-40.76,31.33
31144,0.94,1.14,-0.00,-38.92,0.52,-5.81,87.32,-40.47,31.20
31154,0.95,1.15,0.01,-39.35,-1.91,-9.80,87.00,-40.10,31.04
31164,0.96,1.17,0.02,-39.75,-5.74,-14.16,86.75,-39.69,30.77
31174,0.95,1.18,0.03,-39.15,-11.59,-18.75,86.74,-39.24,30.25
31184,0.94,1.19,0.02,-37.90,-16.70,-22.61,86.81,-38.80,29.70
31194,0.93,1.20,0.01,-35.69,-20.72,-25.53,86.93,-38.38,29.15
31204,0.91,1.21,0.01,-33.74,-23.68,-27.49,87.05,-37.98,28.62
31214,0.90,1.20,0.01,-31.65,-24.92,-29.32,87.14,-37.54,28.18
31224,0.88,1.20,0.01,-29.11,-25.26,-30.79,87.22,-37.09,27.79
31234,0.86,1.20,0.01,-26.51,-26.15,-32.03,87.35,-36.64,27.36
31244,0.84,1.20,0.01,-24.48,-27.63,-33.14,87.50,-36.18,26.89
31254,0.81,1.19,0.01,-23.11,-29.74,-33.90,87.67,-35.72,26.37
31264,0.80,1.17,0.01,-22.13,-31.36,-34.15,87.82,-35.29,25.85
31274,0.78,1.15,0.02,-21.09,-32.09,-33.66,87.90,-34.87,25.41
31284,0.77,1.14,0.02,-20.17,-32.45,-33.02,88.03,-34.48,24.96
31294,0.76,1.12,0.02,-19.71,-33.19,-32.46,88.00,-34.19,24.57
31304,0.74,1.10,0.03,-19.58,-33.82,-32.14,87.98,-33.85,24.16
31314,0.73,1.08,0.03,-18.84,-33.82,-31.61,87.99,-33.66,23.78
31324,0.72,1.07,0.03,-17.94,-33.05,-30.66,88.09,-33.30,23.39
31334,0.71,1.06,0.03,-16.68,-31.46,-29.32,88.12,-33.18,23.09
31344,0.70,1.04,0.03,-15.60,-29.50,-28.06,88.23,-33.03,22.78
31354,0.69,1.02,0.03,-15.01,-26.57,-26.58,88.12,-32.90,22.64
31364,0.67,1.00,0.04,-14.57,-23.02,-24.92,87.96,-32.74,22.58
31374,0.66,0.98,0.04,-13.53,-17.91,-22.59,87.89,-32.72,22.59
31384,0.64,0.96,0.04,-12.50,-12.55,-20.10,87.66,-32.67,22.73
31394,0.63,0.95,0.05,-11.71,-6.61,-17.65,87.38,-32.63,22.98
31404,0.62,0.93,0.06,-11.21,-0.84,-15.31,87.06,-32.57,23.29
31414,0.62,0.92,0.08,-10.85,4.23,-12.55,86.71,-32.56,23.63
31424,0.61,0.91,0.09,-10.79,7.84,-9.89,86.37,-32.57,23.95
31434,0.60,0.90,0.11,-11.40,9.49,-7.49,86.04,-32.59,24.19
31444,0.60,0.89,0.12,-12.76,9.67,-5.29,85.69,-32.65,24.37
31454,0.60,0.86,0.12,-15.06,8.00,-3.81,85.36,-32.73,24.43
31464,0.59,0.84,0.12,-17.35,6.46,-3.14,85.02,-32.79,24.47
31474,0.59,0.83,0.13,-19.43,5.72,-3.64,84.64,-32.79,24.54
31484,0.58,0.82,0.13,-21.01,5.16,-4.55,84.26,-32.73,24.62
31494,0.56,0.83,0.14,-22.70,4.58,-5.57,83.87,-32.59,24.68
31504,0.54,0.83,0.13,-25.28,3.67,-5.84,83.48,-32.42,24.69
31514,0.51,0.84,0.14,-28.48,1.70,-4.70,83.06,-32.33,24.65
31524,0.50,0.84,0.15,-32.19,-2.57,-2.12,82.63,-32.38,24.47
31534,0.49,0.84,0.16,-35.20,-6.94,0.82,82.22,-32.48,24.24
31544,0.48,0.84,0.17,-35.74,-10.35,4.84,81.90,-32.66,24.04
31554,0.48,0.84,0.17,-34.42,-11.98,9.00,81.63,-32.88,23.90
31564,0.48,0.83,0.17,-31.78,-12.28,14.17,81.39,-33.17,23.84
31574,0.48,0.82,0.16,-29.84,-13.17,18.96,81.22,-33.47,23.73
31584,0.48,0.80,0.14,-30.37,-15.91,22.95,81.13,-33.92,23.43
31594,0.49,0.78,0.11,-32.71,-19.87,26.38,81.00,-34.41,23.02
31604,0.50,0.75,0.10,-36.11,-23.85,28.90,80.81,-34.92,22.58
31614,0.50,0.72,0.08,-38.93,-26.49,30.57,80.60,-35.42,22.16
31624,0.49,0.69,0.07,-40.98,-28.11,31.74,80.40,-35.90,21.76
31634,0.49,0.66,0.06,-42.28,-29.39,32.85,80.21,-36.39,21.37
31644,0.49,0.64,0.06,-42.93,-29.47,34.78,79.99,-36.94,21.05
31654,0.50,0.62,0.06,-43.38,-28.74,36.51,79.73,-37.51,20.80
31664,0.50,0.60,0.06,-43.74,-27.67,37.51,79.43,-38.06,20.58
31674,0.50,0.58,0.07,-43.80,-26.36,37.85,79.10,-38.60,20.41
31684,0.51,0.57,0.08,-43.43,-24.91,37.88,78.73,-39.12,20.29
31694,0.50,0.56,0.09,-42.87,-24.36,37.95,78.39,-39.64,20.14
31704,0.50,0.54,0.09,-41.70,-25.39,38.18,78.20,-40.20,19.86
31714,0.49,0.52,0.08,-40.16,-26.74,38.37,78.11,-40.74,19.52
31724,0.49,0.50,0.08,-38.98,-27.50,38.26,78.03,-41.26,19.18
31734,0.48,0.48,0.07,-37.86,-27.19,37.94,77.90,-41.77,18.91
31744,0.48,0.46,0.07,-37.08,-25.82,37.80,77.72,-42.28,18.72
31754,0.48,0.45,0.07,-37.00,-24.77,37.65,77.50,-42.79,18.53
31764,0.48,0.44,0.07,-37.94,-24.97,37.23,77.22,-43.30,18.31
31774,0.48,0.42,0.09,-38.50,-25.62,37.04,76.92,-43.81,18.09
31784,0.49,0.39,0.09,-36.70,-26.08,36.94,76.78,-44.34,17.85
31794,0.50,0.37,0.08,-33.38,-25.71,36.35,76.73,-44.84,17.63
31804,0.51,0.34,0.07,-28.58,-24.47,34.82,76.78,-45.28,17.45
31814,0.53,0.31,0.06,-23.68,-22.69,32.69,76.87,-45.66,17.28
31824,0.54,0.29,0.03,-18.76,-19.68,29.20,76.97,-45.93,17.19
31834,0.55,0.27,0.02,-14.30,-15.85,25.23,77.03,-46.13,17.18
31844,0.56,0.26,0.01,-9.90,-11.24,20.73,77.07,-46.25,17.26
31854,0.56,0.25,0.02,-4.38,-5.20,15.82,77.07,-46.28,17.51
31864,0.57,0.25,0.03,1.68,0.59,11.24,77.11,-46.28,17.82
31874,0.57,0.26,0.03,8.89,5.67,6.18,77.25,-46.20,18.14
31884,0.57,0.27,0.03,15.60,9.84,1.20,77.48,-46.07,18.44
31894,0.57,0.27,0.04,21.59,13.18,-3.51,77.73,-45.91,18.73
31904,0.57,0.27,0.04,27.04,15.95,-7.63,78.02,-45.73,19.02
31914,0.56,0.26,0.03,33.68,19.12,-10.84,78.38,-45.54,19.38
31924,0.56,0.26,0.03,41.06,23.32,-13.14,78.76,-45.35,19.85
31934,0.55,0.25,0.02,49.63,29.49,-14.53,79.15,-45.16,20.52
31944,0.53,0.25,0.01,57.76,35.96,-15.42,79.54,-44.96,21.29
31954,0.52,0.25,0.00,64.90,43.25,-15.03,79.84,-44.80,22.22
31964,0.53,0.26,0.00,70.26,49.33,-14.52,80.11,-44.65,23.17
31974,0.53,0.28,0.01,74.19,53.31,-14.93,80.36,-44.48,24.10
31984,0.53,0.29,0.03,76.98,55.01,-15.87,80.63,-44.29,24.94
31994,0.53,0.31,0.04,79.20,52.68,-17.27,81.09,-44.10,25.51
32004,0.53,0.32,0.04,81.00,47.50,-18.23,81.79,-43.95,25.81
32014,0.53,0.34,0.02,81.61,39.88,-19.30,82.67,-43.77,25.82
32024,0.54,0.36,-0.01,81.33,33.20,-20.26,83.54,-43.57,25.80
32034,0.56,0.40,-0.03,79.62,29.87,-22.24,84.25,-43.29,25.90
32044,0.57,0.44,-0.04,76.60,29.39,-24.64,84.78,-42.95,26.16
32054,0.56,0.48,-0.02,72.19,30.30,-27.43,85.02,-42.43,26.59
32064,0.54,0.51,0.01,68.67,30.35,-29.27,85.27,-41.94,26.99
32074,0.54,0.55,0.02,66.93,27.14,-28.19,85.72,-41.59,27.18
32084,0.54,0.59,0.02,65.78,21.56,-26.34,86.42,-41.31,27.11
32094,0.54,0.62,-0.01,63.93,14.22,-23.75,87.23,-41.15,26.83
32104,0.56,0.66,-0.04,61.91,8.58,-21.17,88.01,-41.02,26.57
32114,0.58,0.69,-0.08,56.51,4.55,-19.51,88.57,-40.88,26.33
32124,0.60,0.72,-0.10,50.16,4.30,-19.02,88.91,-40.69,26.30
32134,0.59,0.75,-0.10,42.72,8.58,-19.60,88.90,-40.38,26.58
32144,0.57,0.78,-0.08,36.26,12.45,-19.22,88.80,-40.09,26.92
32154,0.57,0.80,-0.07,31.02,13.73,-17.09,88.76,-39.89,27.15
32164,0.56,0.82,-0.06,26.47,12.76,-14.42,88.82,-39.74,27.24
32174,0.56,0.84,-0.06,21.95,10.46,-11.46,88.91,-39.65,27.21
32184,0.56,0.85,-0.07,17.08,8.99,-8.22,88.94,-39.62,27.20
32194,0.57,0.86,-0.06,12.82,9.76,-5.63,88.87,-39.58,27.32
32204,0.57,0.88,-0.04,9.06,13.81,-4.35,88.53,-39.47,27.73
32214,0.55,0.89,-0.01,6.21,18.96,-2.87,88.09,-39.40,28.28
32224,0.53,0.90,0.03,4.39,22.80,-0.38,87.69,-39.40,28.82
32234,0.51,0.91,0.06,3.17,24.02,2.87,87.36,-39.46,29.24
32244,0.50,0.91,0.07,1.40,20.89,7.72,87.18,-39.63,29.39
32254,0.50,0.90,0.08,-0.89,16.18,12.78,87.05,-39.86,29.40
32264,0.51,0.90,0.08,-3.62,11.34,17.83,86.93,-40.14,29.34
32274,0.53,0.90,0.08,-5.49,8.95,22.45,86.73,-40.45,29.40
32284,0.54,0.91,0.09,-5.87,10.53,26.82,86.44,-40.78,29.69
32294,0.56,0.91,0.10,-5.53,14.20,31.16,86.06,-41.16,30.15
32304,0.57,0.92,0.12,-4.15,19.98,36.17,85.58,-41.62,30.83
32314,0.59,0.92,0.13,-2.46,24.51,41.06,85.12,-42.13,31.52
32324,0.61,0.91,0.15,-0.73,26.57,46.20,84.71,-42.72,32.14
32334,0.65,0.91,0.16,0.83,26.80,50.59,84.36,-43.34,32.67
32344,0.70,0.91,0.16,1.95,24.17,53.21,84.12,-43.98,33.03
32354,0.74,0.90,0.15,2.45,20.28,54.31,83.98,-44.64,33.24
32364,0.80,0.90,0.15,2.17,17.05,53.01,83.86,-45.22,33.39
32374,0.84,0.90,0.14,2.03,15.24,50.30,83.71,-45.71,33.60
32384,0.88,0.91,0.14,1.66,15.88,46.23,83.42,-46.08,33.96
32394,0.91,0.93,0.13,1.20,17.12,42.22,83.27,-46.28,34.24
32404,0.94,0.96,0.12,-1.39,17.63,38.58,82.95,-46.39,34.54
32414,0.98,0.99,0.12,-5.77,16.69,35.18,82.64,-46.50,34.70
32424,1.01,1.01,0.13,-12.16,12.14,30.70,82.24,-46.55,34.69
32434,1.03,1.02,0.14,-18.55,5.55,25.67,81.89,-46.63,34.48
32444,1.07,1.03,0.15,-24.37,-4.32,19.64,81.80,-46.73,33.90
32454,1.10,1.04,0.15,-29.35,-14.43,13.08,81.89,-46.79,33.09
32464,1.12,1.04,0.15,-33.21,-23.96,5.21,82.13,-46.73,32.11
32474,1.14,1.05,0.14,-35.48,-30.97,-2.51,82.38,-46.58,31.17
32484,1.15,1.06,0.14,-35.24,-35.04,-10.40,82.75,-46.22,30.27
32494,1.15,1.07,0.13,-34.33,-37.79,-17.89,83.12,-45.77,29.40
32504,1.13,1.09,0.12,-33.14,-40.22,-25.24,83.48,-45.19,28.55
32514,1.11,1.10,0.11,-32.08,-42.21,-31.24,83.84,-44.62,27.70
32524,1.10,1.11,0.10,-30.78,-44.19,-36.23,84.24,-44.03,26.84
32534,1.08,1.11,0.10,-28.85,-47.12,-40.64,84.73,-43.43,25.89
32544,1.06,1.11,0.08,-26.52,-50.05,-44.23,85.28,-42.85,24.91
32554,1.04,1.11,0.07,-24.05,-52.54,-47.20,85.85,-42.25,23.93
32564,1.02,1.11,0.06,-21.23,-54.36,-49.90,86.45,-41.65,22.98
32574,0.99,1.10,0.04,-17.63,-53.21,-52.59,86.98,-41.00,22.22
32584,0.96,1.10,0.02,-13.91,-50.24,-54.79,87.44,-40.34,21.61
32594,0.93,1.09,0.00,-10.65,-45.50,-56.88,87.81,-39.65,21.16
32604,0.90,1.09,-0.01,-8.20,-41.23,-59.08,88.13,-38.91,20.76
32614,0.86,1.09,-0.01,-7.29,-37.86,-61.55,88.36,-38.10,20.39
32624,0.84,1.10,-0.01,-7.56,-35.56,-63.37,88.54,-37.30,20.00
32634,0.81,1.10,-0.00,-9.10,-34.22,-64.54,88.61,-36.50,19.63
32644,0.79,1.10,0.01,-10.48,-32.70,-65.21,88.60,-35.73,19.31
32654,0.76,1.10,0.03,-10.25,-30.58,-64.75,88.61,-35.02,19.06
32664,0.74,1.11,0.04,-8.91,-28.10,-63.69,88.65,-34.34,18.85
32674,0.72,1.10,0.05,-6.28,-24.45,-61.15,88.71,-33.75,18.75
32684,0.69,1.10,0.06,-3.24,-20.99,-58.16,88.80,-33.20,18.68
32694,0.66,1.10,0.05,-0.51,-17.33,-54.12,88.91,-32.71,18.65
32704,0.64,1.09,0.05,0.74,-14.41,-49.86,88.96,-32.27,18.63
32714,0.62,1.08,0.05,0.15,-12.16,-45.52,88.92,-31.89,18.61
32724,0.60,1.06,0.05,-1.20,-10.32,-41.61,88.85,-31.52,18.58
32734,0.58,1.04,0.05,-3.21,-8.81,-37.37,88.71,-31.22,18.56
32744,0.56,1.01,0.04,-5.25,-7.55,-33.54,88.58,-30.92,18.54
32754,0.53,0.99,0.04,-7.26,-5.63,-29.08,88.42,-30.69,18.56
32764,0.51,0.97,0.03,-9.24,-2.87,-24.30,88.21,-30.53,18.64
32774,0.48,0.94,0.04,-11.71,2.08,-17.79,87.84,-30.50,18.91
32784,0.46,0.93,0.05,-13.84,7.90,-10.87,87.37,-30.57,19.31
32794,0.45,0.91,0.07,-15.60,12.07,-3.82,86.88,-30.75,19.70
32804,0.43,0.89,0.09,-17.11,13.43,3.05,86.45,-30.99,19.98
32814,0.42,0.87,0.10,-18.48,9.68,10.85,86.15,-31.35,19.99
32824,0.41,0.85,0.11,-19.41,3.79,18.85,85.95,-31.79,19.84
32834,0.41,0.82,0.09,-19.66,-2.52,27.52,85.98,-32.38,19.51
32844,0.41,0.78,0.07,-19.73,-6.63,34.99,85.99,-33.07,19.24
32854,0.42,0.74,0.03,-20.19,-6.91,40.48,85.89,-33.73,19.15
32864,0.43,0.71,0.01,-21.35,-5.11,44.09,85.68,-34.36,19.17
32874,0.44,0.69,0.00,-23.14,-3.49,46.39,85.42,-34.97,19.21
32884,0.44,0.66,-0.00,-25.98,-3.52,48.01,85.13,-35.56,19.17
32894,0.45,0.64,-0.01,-28.97,-5.11,49.64,84.84,-36.21,19.05
32904,0.47,0.63,-0.01,-31.99,-7.45,51.20,84.56,-36.88,18.86
32914,0.49,0.61,-0.01,-34.44,-9.27,52.23,84.26,-37.55,18.69
32924,0.50,0.61,-0.00,-36.20,-10.28,52.23,83.95,-38.18,18.55
32934,0.52,0.61,0.00,-37.53,-11.29,51.58,83.64,-38.79,18.39
32944,0.55,0.60,0.00,-38.92,-12.80,49.73,83.37,-39.32,18.17
32954,0.56,0.58,-0.00,-40.49,-14.78,47.40,83.12,-39.82,17.90
32964,0.58,0.57,-0.01,-41.90,-17.49,44.78,82.91,-40.29,17.54
32974,0.59,0.55,-0.02,-42.96,-18.79,42.14,82.69,-40.71,17.23
32984,0.60,0.53,-0.03,-43.48,-17.80,39.14,82.39,-41.09,17.05
32994,0.60,0.52,-0.02,-43.98,-15.70,36.16,82.01,-41.44,16.97
33004,0.59,0.50,-0.00,-44.85,-13.19,33.25,81.52,-41.78,16.97
33014,0.58,0.48,0.01,-45.50,-11.70,30.88,81.05,-42.11,16.95
33024,0.57,0.46,0.02,-46.19,-13.03,29.82,80.68,-42.51,16.76
33034,0.57,0.45,0.03,-46.74,-15.37,29.31,80.38,-42.93,16.49
33044,0.57,0.42,0.04,-47.85,-17.44,28.24,80.06,-43.32,16.20
33054,0.57,0.41,0.04,-48.97,-18.12,26.91,79.67,-43.69,15.97
33064,0.56,0.39,0.06,-48.93,-16.83,25.47,79.19,-43.99,15.91
33074,0.55,0.37,0.08,-48.00,-15.84,23.92,78.75,-44.27,15.85
33084,0.56,0.36,0.11,-45.35,-15.87,22.70,78.43,-44.54,15.75
33094,0.56,0.34,0.12,-41.27,-16.91,21.49,78.28,-44.83,15.56
33104,0.56,0.33,0.13,-36.28,-19.41,20.35,78.31,-45.14,15.24
33114,0.57,0.31,0.12,-31.57,-22.24,18.83,78.46,-45.45,14.82
33124,0.58,0.28,0.11,-27.35,-24.06,15.65,78.66,-45.65,14.40
33134,0.59,0.27,0.09,-23.27,-24.35,11.74,78.86,-45.78,14.02
33144,0.60,0.26,0.08,-19.22,-22.53,6.84,79.00,-45.80,13.78
33154,0.61,0.26,0.09,-15.50,-20.04,1.59,79.11,-45.74,13.60
33164,0.60,0.27,0.09,-11.31,-17.02,-4.49,79.22,-45.57,13.49
33174,0.60,0.28,0.10,-6.73,-14.06,-9.83,79.37,-45.37,13.41
33184,0.59,0.29,0.10,-0.72,-10.68,-14.55,79.60,-45.14,13.39
33194,0.59,0.29,0.10,5.37,-7.25,-19.03,79.86,-44.88,13.41
33204,0.58,0.28,0.09,11.69,-3.15,-23.07,80.15,-44.58,13.52
33214,0.57,0.28,0.09,17.87,1.25,-26.59,80.45,-44.26,13.69
33224,0.55,0.27,0.08,23.80,6.48,-29.40,80.71,-43.93,13.98
33234,0.54,0.26,0.09,30.72,13.77,-31.78,80.90,-43.55,14.51
33244,0.54,0.26,0.10,37.39,21.39,-33.58,81.05,-43.16,15.17
33254,0.53,0.26,0.12,44.24,27.79,-35.61,81.26,-42.71,15.86
33264,0.53,0.26,0.14,50.86,31.18,-37.81,81.60,-42.24,16.43
33274,0.51,0.26,0.15,56.90,29.21,-40.45,82.21,-41.78,16.66
33284,0.50,0.25,0.13,61.45,24.16,-43.04,83.00,-41.35,16.64
33294,0.49,0.26,0.09,63.69,15.76,-46.15,84.02,-40.88,16.27
33304,0.48,0.27,0.04,64.23,7.90,-49.40,85.03,-40.34,15.82
33314,0.49,0.30,-0.00,62.57,2.99,-53.08,85.88,-39.73,15.46
33324,0.49,0.33,-0.02,59.45,1.25,-57.16,86.54,-39.04,15.26
33334,0.47,0.38,-0.01,56.01,2.36,-61.71,86.88,-38.15,15.33
33344,0.46,0.43,0.03,54.43,2.52,-64.59,87.28,-37.35,15.38
33354,0.45,0.49,0.05,55.43,-1.90,-65.28,87.96,-36.62,15.15
33364,0.46,0.54,0.05,56.95,-10.32,-65.36,88.87,-35.89,14.61
33374,0.45,0.57,0.01,57.60,-23.30,-66.12,90.11,-35.15,13.63
33384,0.43,0.61,-0.04,55.96,-36.90,-67.13,91.33,-34.39,12.47
33394,0.41,0.65,-0.11,50.67,-50.59,-68.06,92.42,-33.60,11.17
33404,0.39,0.68,-0.18,44.03,-59.32,-68.07,93.29,-32.83,10.03
33414,0.38,0.71,-0.22,36.07,-57.60,-66.22,93.73,-32.16,9.42
33424,0.38,0.74,-0.22,29.72,-49.81,-63.67,93.95,-31.55,9.20
33434,0.38,0.78,-0.18,27.64,-35.51,-59.51,93.97,-31.02,9.50
33444,0.37,0.81,-0.15,28.41,-21.81,-54.31,94.04,-30.61,9.93
33454,0.36,0.84,-0.12,29.87,-13.17,-47.89,94.22,-30.30,10.21
33464,0.35,0.86,-0.10,29.95,-9.28,-41.60,94.47,-30.03,10.31
33474,0.36,0.88,-0.11,27.40,-10.61,-34.47,94.76,-29.85,10.11
33484,0.37,0.90,-0.11,23.16,-12.96,-27.99,94.99,-29.71,9.84
33494,0.39,0.93,-0.11,17.81,-14.16,-22.70,95.07,-29.56,9.62
33504,0.41,0.95,-0.10,13.56,-13.60,-19.00,95.04,-29.41,9.52
33514,0.41,0.98,-0.08,10.91,-11.21,-16.75,94.99,-29.25,9.54
33524,0.41,1.00,-0.06,9.36,-9.18,-14.73,94.97,-29.10,9.56
33534,0.41,1.03,-0.05,8.03,-10.30,-12.40,95.03,-28.96,9.42
33544,0.40,1.06,-0.05,6.28,-13.97,-10.22,95.16,-28.80,9.11
33554,0.40,1.08,-0.07,3.54,-19.93,-7.24,95.34,-28.70,8.60
33564,0.40,1.11,-0.09,-0.03,-25.93,-3.48,95.50,-28.66,8.00
33574,0.41,1.12,-0.10,-4.32,-30.76,0.47,95.60,-28.66,7.40
33584,0.43,1.14,-0.10,-8.50,-32.62,4.46,95.57,-28.71,6.93
33594,0.45,1.14,-0.10,-10.99,-32.82,8.19,95.54,-28.80,6.53
33604,0.45,1.13,-0.10,-12.35,-31.18,11.86,95.52,-28.92,6.22
33614,0.46,1.12,-0.10,-13.23,-28.97,15.64,95.47,-29.10,5.96
33624,0.47,1.10,-0.10,-13.45,-26.48,19.83,95.42,-29.33,5.74
33634,0.48,1.08,-0.10,-13.21,-24.58,23.78,95.44,-29.60,5.49
33644,0.52,1.06,-0.10,-13.78,-24.64,27.02,95.43,-30.09,5.17
33654,0.57,1.05,-0.09,-15.43,-26.20,28.31,95.40,-30.50,4.76
33664,0.61,1.04,-0.09,-17.56,-28.26,26.87,95.34,-30.78,4.33
33674,0.64,1.03,-0.08,-19.45,-29.56,24.35,95.26,-31.00,3.92
33684,0.66,1.02,-0.07,-21.23,-30.04,21.00,95.12,-31.14,3.57
33694,0.68,1.02,-0.06,-23.07,-30.18,17.72,94.95,-31.24,3.24
33704,0.69,1.03,-0.05,-25.00,-30.70,14.12,94.74,-31.27,2.90
33714,0.70,1.03,-0.04,-26.47,-32.06,10.12,94.57,-31.25,2.50
33724,0.71,1.05,-0.04,-28.11,-34.38,5.38,94.42,-31.17,2.04
33734,0.72,1.06,-0.04,-29.95,-37.16,0.92,94.27,-31.04,1.52
33744,0.73,1.08,-0.04,-32.51,-40.90,-3.66,94.08,-30.83,0.93
33754,0.73,1.10,-0.03,-35.14,-44.98,-8.20,93.89,-30.57,0.29
33764,0.73,1.12,-0.03,-36.72,-49.82,-13.35,93.76,-30.17,359.56
33774,0.72,1.15,-0.04,-37.43,-54.17,-17.99,93.68,-29.69,358.80
33784,0.71,1.18,-0.05,-37.89,-57.69,-22.55,93.68,-29.13,358.00
33794,0.71,1.21,-0.06,-38.30,-59.74,-26.75,93.71,-28.57,357.23
33804,0.69,1.23,-0.07,-38.45,-60.42,-31.17,93.69,-27.94,356.53
33814,0.68,1.26,-0.08,-38.60,-60.05,-35.35,93.63,-27.29,355.88
33824,0.66,1.28,-0.09,-38.20,-58.29,-39.94,93.52,-26.56,355.34
33834,0.62,1.30,-0.09,-37.21,-55.90,-44.08,93.40,-25.81,354.87
33844,0.58,1.32,-0.10,-35.80,-52.80,-46.63,93.30,-25.11,354.45
33854,0.54,1.34,-0.09,-34.38,-49.29,-47.86,93.16,-24.45,354.09
33864,0.51,1.36,-0.09,-32.41,-45.11,-47.31,93.03,-23.87,353.81
33874,0.49,1.37,-0.08,-30.20,-41.17,-45.66,92.91,-23.35,353.56
33884,0.47,1.37,-0.07,-26.33,-35.96,-42.90,92.83,-22.92,353.42
33894,0.46,1.37,-0.07,-21.97,-30.51,-40.07,92.80,-22.52,353.35
33904,0.45,1.37,-0.06,-17.14,-24.86,-37.40,92.80,-22.14,353.35
33914,0.45,1.36,-0.06,-12.51,-19.61,-35.01,92.83,-21.77,353.38
33924,0.43,1.35,-0.06,-8.48,-14.92,-32.53,92.87,-21.44,353.44
33934,0.43,1.35,-0.06,-5.48,-11.30,-29.65,92.90,-21.15,353.49
33944,0.43,1.34,-0.06,-3.69,-8.70,-26.65,92.92,-20.89,353.52
33954,0.43,1.32,-0.05,-3.32,-7.62,-23.99,92.85,-20.67,353.52
33964,0.43,1.31,-0.05,-3.94,-7.47,-21.95,92.73,-20.49,353.48
33974,0.44,1.29,-0.04,-5.35,-7.83,-20.42,92.56,-20.36,353.42
33984,0.44,1.26,-0.03,-6.94,-8.03,-19.58,92.38,-20.23,353.36
33994,0.45,1.24,-0.02,-8.53,-8.29,-19.90,92.19,-20.06,353.29
34004,0.46,1.22,-0.00,-9.84,-8.73,-20.67,92.00,-19.87,353.22
34014,0.46,1.20,0.01,-10.84,-9.14,-21.72,91.81,-19.65,353.14
34024,0.45,1.19,0.02,-11.77,-9.85,-22.70,91.61,-19.38,353.04
34034,0.44,1.18,0.02,-13.08,-11.11,-22.70,91.39,-19.17,352.90
34044,0.43,1.17,0.01,-14.39,-12.27,-22.49,91.17,-18.93,352.76
34054,0.42,1.16,0.01,-15.97,-12.58,-22.11,90.94,-18.64,352.63
34064,0.40,1.15,0.01,-17.41,-12.42,-21.04,90.69,-18.38,352.53
34074,0.39,1.12,0.01,-19.00,-11.89,-18.94,90.39,-18.22,352.45
34084,0.38,1.10,0.01,-20.42,-10.97,-16.42,90.13,-18.27,352.38
34094,0.38,1.07,0.01,-20.87,-9.13,-13.42,89.87,-18.36,352.38
34104,0.38,1.04,0.01,-20.83,-6.89,-10.62,89.64,-18.47,352.40
34114,0.38,1.01,0.01,-20.24,-4.04,-7.89,89.40,-18.61,352.49
34124,0.37,0.98,0.01,-19.53,-1.29,-5.48,89.20,-18.76,352.60
34134,0.37,0.96,0.02,-19.52,0.31,-2.94,88.94,-18.93,352.68
34144,0.37,0.93,0.02,-20.52,-0.13,-0.33,88.67,-19.14,352.67
34154,0.36,0.91,0.03,-22.63,-3.27,1.70,88.35,-19.32,352.53
34164,0.36,0.89,0.03,-24.39,-7.12,3.24,88.09,-19.53,352.30
34174,0.35,0.87,0.03,-25.97,-11.86,4.14,87.89,-19.73,351.97
34184,0.35,0.85,0.02,-27.56,-16.18,4.57,87.70,-19.91,351.61
34194,0.34,0.83,0.02,-29.61,-21.25,4.88,87.54,-20.06,351.15
34204,0.33,0.81,0.02,-31.55,-26.12,5.17,87.40,-20.19,350.64
34214,0.32,0.80,0.02,-32.78,-30.47,5.58,87.12,-20.24,350.16
34224,0.30,0.79,0.03,-33.09,-33.82,6.66,86.91,-20.27,349.68
34234,0.28,0.79,0.03,-32.30,-37.10,9.14,86.79,-20.38,349.16
34244,0.26,0.79,0.03,-31.54,-40.87,12.20,86.72,-20.54,348.57
34254,0.25,0.78,0.03,-30.78,-44.95,15.95,86.68,-20.77,347.93
34264,0.24,0.78,0.03,-29.60,-47.81,19.83,86.70,-21.06,347.30
34274,0.24,0.77,0.02,-28.26,-49.15,23.88,86.72,-21.40,346.72
34284,0.23,0.77,0.03,-25.85,-47.74,28.63,86.73,-21.78,346.30
34294,0.23,0.76,0.03,-22.93,-45.49,32.91,86.76,-22.19,345.93
34304,0.22,0.75,0.02,-19.59,-43.76,36.82,86.88,-22.63,345.55
34314,0.22,0.74,0.01,-16.73,-42.95,40.21,87.06,-23.12,345.12
34324,0.22,0.73,0.01,-15.25,-42.74,43.08,87.20,-23.60,344.67
34334,0.21,0.73,0.00,-14.27,-42.43,45.75,87.31,-24.08,344.23
34344,0.22,0.71,0.01,-13.43,-41.84,49.30,87.40,-24.62,343.82
34354,0.22,0.69,0.01,-12.06,-41.07,52.79,87.55,-25.22,343.41
34364,0.22,0.68,0.00,-9.68,-39.57,55.71,87.75,-25.81,343.05
34374,0.22,0.66,-0.01,-7.09,-37.88,58.25,88.00,-26.44,342.70
34384,0.22,0.64,-0.02,-4.58,-36.58,60.98,88.29,-27.14,342.33
34394,0.24,0.62,-0.03,-2.94,-35.45,63.36,88.57,-27.90,341.96
34404,0.26,0.59,-0.03,-2.07,-35.10,64.90,88.83,-28.69,341.56
34414,0.27,0.57,-0.04,-1.21,-35.24,65.02,89.14,-29.40,341.13
34424,0.29,0.54,-0.05,-0.28,-35.72,64.17,89.46,-30.09,340.66
34434,0.31,0.51,-0.07,0.45,-36.13,62.71,89.80,-30.73,340.19
34444,0.33,0.48,-0.10,1.37,-35.69,60.10,90.14,-31.29,339.75
34454,0.35,0.45,-0.12,2.32,-34.01,56.68,90.46,-31.79,339.38
34464,0.37,0.42,-0.14,3.70,-29.28,52.02,90.71,-32.19,339.20
34474,0.39,0.40,-0.17,5.62,-22.53,47.26,90.91,-32.54,339.20
34484,0.40,0.38,-0.18,8.95,-12.41,41.73,91.05,-32.82,339.48
34494,0.42,0.36,-0.19,12.39,-1.36,36.21,91.12,-33.04,339.94
34504,0.43,0.35,-0.20,16.26,10.73,30.01,91.14,-33.19,340.60
34514,0.44,0.34,-0.20,19.88,22.10,23.92,91.13,-33.28,341.36
34524,0.44,0.35,-0.19,23.31,32.96,17.50,91.07,-33.29,342.23
34534,0.44,0.36,-0.18,25.96,42.33,11.51,90.99,-33.26,343.14
34544,0.44,0.37,-0.16,28.14,49.77,6.19,90.91,-33.21,344.06
34554,0.44,0.37,-0.15,30.23,55.31,1.72,90.86,-33.15,344.95
34564,0.44,0.38,-0.15,32.34,58.92,-2.64,90.86,-33.04,345.78
34574,0.44,0.38,-0.14,33.84,61.13,-6.41,90.88,-32.92,346.58
34584,0.45,0.38,-0.14,34.67,62.25,-9.92,90.90,-32.78,347.34
34594,0.46,0.39,-0.14,35.47,63.11,-13.76,90.92,-32.59,348.10
34604,0.46,0.41,-0.14,36.37,64.42,-18.42,90.96,-32.32,348.89
34614,0.47,0.43,-0.12,36.79,65.86,-22.79,90.93,-32.03,349.72
34624,0.47,0.46,-0.10,36.50,66.64,-27.00,90.88,-31.71,350.53
34634,0.45,0.48,-0.08,35.24,64.56,-30.94,90.82,-31.37,351.20
34644,0.43,0.49,-0.06,34.00,60.19,-33.97,90.76,-30.95,351.76
34654,0.42,0.51,-0.06,33.70,53.08,-35.95,91.03,-30.55,352.00
34664,0.41,0.52,-0.08,33.56,45.86,-37.23,91.35,-30.13,352.16
34674,0.40,0.55,-0.11,32.03,38.36,-37.24,91.65,-29.77,352.22
34684,0.40,0.57,-0.14,29.15,32.69,-36.58,91.87,-29.43,352.29
34694,0.40,0.58,-0.15,25.70,31.77,-35.54,91.92,-29.14,352.58
34704,0.39,0.60,-0.15,23.40,34.35,-34.39,91.91,-28.85,353.05
34714,0.38,0.62,-0.12,23.70,41.25,-32.83,91.75,-28.50,353.86
34724,0.37,0.65,-0.09,25.36,48.87,-31.02,91.57,-28.21,354.80
34734,0.36,0.67,-0.06,27.75,54.15,-28.60,91.47,-27.97,355.70
34744,0.35,0.70,-0.04,29.81,55.90,-25.83,91.45,-27.76,356.44
34754,0.35,0.74,-0.03,29.91,52.63,-22.80,91.51,-27.56,356.91
34764,0.36,0.77,-0.03,28.04,47.39,-19.86,91.59,-27.37,357.20
34774,0.37,0.79,-0.02,24.01,41.61,-16.98,91.51,-27.24,357.44
34784,0.38,0.80,-0.01,19.95,37.48,-14.63,91.35,-27.17,357.72
34794,0.38,0.81,0.01,17.48,35.30,-12.88,91.21,-27.10,358.06
34804,0.39,0.83,0.03,16.45,33.80,-11.07,91.10,-27.03,358.41
34814,0.38,0.85,0.05,16.21,31.05,-9.28,91.07,-26.97,358.67
34824,0.38,0.87,0.06,15.93,26.74,-7.35,91.10,-26.92,358.81
34834,0.39,0.90,0.06,14.84,20.17,-4.83,91.16,-26.90,358.77
34844,0.40,0.93,0.06,12.78,13.09,-2.44,91.22,-26.90,358.63
34854,0.41,0.96,0.06,9.46,5.82,0.14,91.23,-26.93,358.40
34864,0.41,0.99,0.06,5.86,0.17,2.32,91.19,-26.97,358.18
34874,0.41,1.00,0.07,4.07,-2.00,5.13,91.14,-27.06,358.08
34884,0.40,1.02,0.07,4.49,-2.09,8.59,91.16,-27.20,358.08
34894,0.39,1.03,0.07,7.39,0.23,12.76,91.25,-27.41,358.21
34904,0.39,1.05,0.07,10.39,3.09,17.04,91.35,-27.67,358.39
34914,0.40,1.07,0.07,12.86,5.04,22.07,91.46,-28.01,358.55
34924,0.40,1.09,0.08,15.26,6.15,27.07,91.59,-28.40,358.68
34934,0.41,1.10,0.08,18.82,7.61,32.13,91.78,-28.87,358.85
34944,0.41,1.11,0.08,23.64,9.75,36.80,92.06,-29.35,359.07
34954,0.41,1.12,0.07,29.18,12.77,42.76,92.41,-29.92,359.34
34964,0.41,1.12,0.05,33.84,15.78,49.50,92.78,-30.59,359.64
34974,0.42,1.12,0.04,36.95,18.57,57.09,93.10,-31.36,359.94
34984,0.44,1.12,0.02,38.32,20.60,66.60,93.37,-32.31,0.22
34994,0.48,1.12,0.01,38.51,21.56,75.51,93.58,-33.36,0.48
35004,0.55,1.10,-0.00,36.41,19.64,82.26,93.81,-34.57,0.54
35014,0.63,1.07,-0.01,32.95,15.77,86.19,94.05,-35.70,0.46
35024,0.70,1.05,-0.03,28.25,10.70,85.47,94.27,-36.63,0.26
35034,0.78,1.03,-0.05,23.67,6.41,82.86,94.48,-37.45,0.04
35044,0.84,1.01,-0.07,18.99,3.90,78.14,94.60,-38.15,359.88
35054,0.90,1.00,-0.08,14.70,2.57,72.99,94.66,-38.78,359.77
35064,0.95,1.00,-0.09,11.59,2.54,66.64,94.67,-39.31,359.76
35074,0.99,1.01,-0.09,9.52,2.58,60.37,94.70,-39.77,359.75
35084,1.03,1.03,-0.10,7.37,1.62,53.22,94.75,-40.13,359.67
35094,1.06,1.05,-0.11,4.81,-0.07,46.19,94.81,-40.41,359.54
35104,1.08,1.08,-0.11,2.81,-0.93,38.66,94.83,-40.61,359.45
35114,1.10,1.09,-0.12,2.63,0.32,31.45,94.86,-40.74,359.48
35124,1.10,1.11,-0.13,7.18,7.24,24.34,94.91,-40.78,359.88
35134,1.09,1.14,-0.14,12.77,16.36,18.52,94.91,-40.75,0.51
35144,1.07,1.17,-0.15,18.25,26.74,13.89,94.80,-40.68,1.36
35154,1.06,1.20,-0.16,21.86,35.26,10.05,94.65,-40.62,2.22
35164,1.05,1.22,-0.16,22.14,39.73,5.21,94.45,-40.43,2.95
35174,1.03,1.23,-0.15,20.36,40.67,0.24,94.22,-40.16,3.53
35184,1.02,1.23,-0.15,16.78,35.93,-5.63,94.16,-39.80,3.73
35194,1.01,1.22,-0.15,12.28,28.78,-11.75,94.17,-39.39,3.71
35204,0.99,1.22,-0.16,6.04,20.20,-19.31,94.17,-38.85,3.51
35214,0.97,1.21,-0.16,-0.32,12.64,-26.29,94.12,-38.25,3.27
35224,0.95,1.20,-0.16,-5.67,8.31,-32.39,93.98,-37.62,3.15
35234,0.92,1.20,-0.16,-9.17,7.15,-37.70,93.76,-36.95,3.19
35244,0.89,1.19,-0.14,-10.72,9.30,-41.41,93.45,-36.29,3.45
35254,0.86,1.19,-0.13,-11.63,11.66,-43.74,93.11,-35.66,3.76
35264,0.82,1.19,-0.11,-12.10,12.89,-44.44,92.79,-35.09,4.03
35274,0.79,1.19,-0.09,-12.80,12.68,-44.00,92.50,-34.57,4.22
35284,0.77,1.18,-0.08,-14.17,11.11,-42.02,92.23,-34.12,4.31
35294,0.76,1.16,-0.07,-15.52,9.65,-39.66,91.94,-33.72,4.39
35304,0.75,1.14,-0.06,-16.55,8.67,-37.51,91.63,-33.35,4.50
35314,0.73,1.11,-0.05,-16.80,9.55,-35.52,91.28,-33.14,4.71
35324,0.72,1.09,-0.04,-16.27,11.50,-33.52,90.92,-32.88,4.99
35334,0.70,1.07,-0.04,-14.86,14.49,-30.78,90.62,-32.80,5.33
35344,0.69,1.05,-0.03,-14.12,17.32,-27.82,90.23,-32.65,5.72
35354,0.68,1.03,-0.02,-15.05,19.25,-24.31,89.89,-32.66,6.03
35364,0.65,1.01,-0.02,-16.97,20.44,-20.31,89.50,-32.51,6.32
35374,0.63,0.99,-0.02,-22.82,20.42,-13.83,89.00,-32.59,6.52
35384,0.63,0.96,-0.01,-31.03,18.72,-6.84,88.20,-32.86,6.71
35394,0.64,0.94,0.04,-39.50,14.45,-1.06,87.39,-33.13,6.73
35404,0.65,0.92,0.09,-44.26,9.25,2.62,86.74,-33.34,6.65
35414,0.65,0.89,0.14,-43.78,2.52,4.82,86.39,-33.51,6.42
35424,0.63,0.86,0.16,-41.90,-5.48,6.39,86.20,-33.70,6.03
35434,0.62,0.83,0.15,-40.54,-15.42,7.42,86.14,-33.93,5.41
35444,0.61,0.79,0.13,-40.24,-24.75,7.67,86.13,-34.16,4.69
35454,0.61,0.75,0.12,-40.96,-32.64,5.89,86.11,-34.30,3.93
35464,0.58,0.72,0.10,-41.76,-38.44,3.48,86.09,-34.40,3.17
35474,0.56,0.70,0.09,-43.38,-43.22,1.99,86.03,-34.52,2.41
35484,0.54,0.69,0.09,-45.49,-47.56,1.69,85.84,-34.58,1.68
35494,0.51,0.68,0.10,-46.65,-51.47,2.49,85.70,-34.63,0.92
35504,0.48,0.68,0.10,-46.17,-54.69,4.49,85.66,-34.72,0.15
35514,0.46,0.69,0.09,-44.48,-57.49,8.82,85.74,-34.92,359.34
35524,0.43,0.69,0.08,-43.11,-59.52,13.96,85.81,-35.20,358.55
35534,0.41,0.67,0.08,-41.76,-60.01,20.40,85.86,-35.59,357.83
35544,0.39,0.66,0.07,-39.95,-59.74,27.17,85.93,-36.06,357.15
35554,0.38,0.63,0.05,-38.11,-58.60,33.85,86.10,-36.70,356.48
35564,0.38,0.59,0.02,-36.45,-56.67,39.05,86.24,-37.35,355.85
35574,0.37,0.55,0.00,-35.13,-53.97,43.38,86.35,-38.00,355.29
35584,0.37,0.52,-0.02,-34.41,-50.90,46.91,86.42,-38.66,354.79
35594,0.37,0.49,-0.02,-34.05,-47.06,49.54,86.40,-39.35,354.37
35604,0.37,0.46,-0.03,-33.11,-42.88,51.32,86.39,-40.01,354.02
35614,0.37,0.43,-0.02,-31.64,-38.43,52.88,86.31,-40.72,353.78
35624,0.37,0.41,-0.01,-29.46,-34.10,54.43,86.22,-41.45,353.60
35634,0.39,0.38,-0.01,-26.51,-29.58,55.07,86.14,-42.15,353.50
35644,0.39,0.35,-0.01,-23.33,-25.91,54.81,86.12,-42.81,353.39
35654,0.41,0.31,-0.01,-20.17,-22.92,54.43,86.15,-43.45,353.27
35664,0.43,0.28,-0.02,-15.79,-19.74,53.51,86.23,-44.07,353.19
35674,0.44,0.26,-0.02,-10.52,-15.03,52.36,86.30,-44.65,353.27
35684,0.45,0.24,-0.02,-3.13,-7.70,50.86,86.34,-45.20,353.60
35694,0.47,0.22,-0.02,4.49,-0.45,49.30,86.39,-45.73,354.03
35704,0.50,0.20,-0.03,11.65,5.47,46.54,86.51,-46.17,354.45
35714,0.52,0.18,-0.05,17.18,9.67,42.73,86.66,-46.54,354.83
35724,0.54,0.15,-0.07,20.90,11.86,36.65,86.84,-46.76,355.10
35734,0.57,0.13,-0.08,23.41,13.32,29.65,87.03,-46.87,355.33
35744,0.59,0.12,-0.10,25.99,15.70,21.00,87.19,-46.83,355.65
35754,0.61,0.12,-0.11,28.97,19.16,11.97,87.32,-46.68,356.07
35764,0.61,0.14,-0.11,32.32,23.38,2.33,87.44,-46.41,356.59
35774,0.62,0.16,-0.10,35.08,26.82,-6.57,87.55,-46.08,357.11
35784,0.61,0.18,-0.09,37.08,28.19,-14.79,87.72,-45.69,357.52
35794,0.61,0.20,-0.08,38.88,28.16,-22.21,87.96,-45.27,357.86
35804,0.60,0.22,-0.08,40.90,26.62,-29.61,88.34,-44.77,358.07
35814,0.59,0.25,-0.09,43.25,25.09,-35.59,88.79,-44.24,358.25
35824,0.58,0.28,-0.10,46.21,25.01,-40.30,89.25,-43.70,358.50
35834,0.57,0.31,-0.11,48.57,25.79,-43.91,89.68,-43.16,358.81
35844,0.55,0.34,-0.12,49.95,26.66,-46.79,90.06,-42.61,359.15
35854,0.55,0.37,-0.12,50.58,27.08,-48.93,90.44,-42.06,359.46
35864,0.54,0.40,-0.12,51.06,26.21,-50.53,90.87,-41.52,359.70
35874,0.52,0.42,-0.12,51.56,24.62,-51.72,91.35,-40.97,359.89
35884,0.51,0.44,-0.14,51.40,22.27,-51.92,91.85,-40.44,0.00
35894,0.49,0.45,-0.15,50.84,19.78,-51.63,92.35,-39.94,0.08
35904,0.48,0.47,-0.16,49.52,18.70,-50.41,92.77,-39.48,0.22
35914,0.49,0.51,-0.17,48.26,19.50,-49.11,93.11,-39.04,0.47
35924,0.49,0.54,-0.14,47.31,23.09,-48.02,93.26,-38.52,0.96
35934,0.48,0.56,-0.11,46.97,27.01,-47.25,93.28,-38.03,1.58
35944,0.48,0.59,-0.09,47.64,28.41,-45.79,93.48,-37.54,2.06
35954,0.47,0.61,-0.09,47.72,27.07,-43.75,93.80,-37.09,2.34
35964,0.45,0.62,-0.10,46.00,22.19,-40.87,94.24,-36.74,2.35
35974,0.45,0.63,-0.11,43.26,16.70,-37.93,94.69,-36.43,2.25
35984,0.46,0.65,-0.13,39.67,12.06,-35.01,95.08,-36.18,2.13
35994,0.47,0.67,-0.13,35.58,10.04,-33.22,95.34,-35.91,2.13
36004,0.48,0.68,-0.12,31.82,10.39,-32.52,95.47,-35.54,2.27
36014,0.48,0.70,-0.10,29.87,12.50,-31.89,95.43,-35.23,2.61
36024,0.48,0.72,-0.07,28.93,13.67,-30.55,95.45,-34.94,2.91
36034,0.48,0.74,-0.07,27.18,11.29,-28.65,95.57,-34.64,2.99
36044,0.47,0.76,-0.07,24.35,6.81,-26.68,95.75,-34.33,2.89
36054,0.47,0.78,-0.08,19.97,-0.66,-24.12,96.02,-34.06,2.51
36064,0.48,0.80,-0.09,14.95,-7.65,-21.53,96.28,-33.84,2.05
36074,0.49,0.82,-0.10,9.63,-11.87,-19.70,96.40,-33.59,1.70
36084,0.50,0.84,-0.10,5.31,-13.11,-17.90,96.38,-33.35,1.50
36094,0.50,0.86,-0.08,3.10,-10.24,-15.99,96.24,-33.19,1.57
36104,0.50,0.89,-0.06,2.31,-5.09,-13.91,96.04,-33.09,1.80
36114,0.49,0.91,-0.04,3.33,0.94,-11.16,95.87,-33.06,2.14
36124,0.49,0.94,-0.02,4.83,5.79,-8.31,95.75,-33.06,2.48
36134,0.48,0.96,0.00,5.58,8.53,-4.84,95.64,-33.10,2.74
36144,0.47,0.98,0.01,5.45,9.17,-1.14,95.55,-33.17,2.90
36154,0.47,0.99,0.02,4.22,6.72,2.59,95.51,-33.27,2.88
36164,0.46,1.00,0.02,2.55,3.23,6.19,95.49,-33.38,2.77
36174,0.47,1.01,0.02,0.71,-1.69,9.97,95.51,-33.52,2.52
36184,0.48,1.02,0.01,-0.71,-6.54,13.69,95.57,-33.70,2.21
36194,0.49,1.03,0.01,-1.39,-10.37,17.70,95.66,-33.93,1.90
36204,0.50,1.04,-0.00,-2.10,-12.81,22.62,95.75,-34.22,1.60
36214,0.51,1.04,-0.01,-2.55,-13.13,29.48,95.78,-34.68,1.39
36224,0.53,1.04,-0.02,-2.16,-12.38,36.70,95.81,-35.26,1.24
36234,0.55,1.02,-0.03,-0.18,-10.59,44.12,95.93,-35.88,1.13
36244,0.57,1.01,-0.04,1.75,-7.81,51.30,96.07,-36.57,1.06
36254,0.58,0.98,-0.06,3.79,-3.54,58.46,96.22,-37.36,1.07
36264,0.60,0.96,-0.07,5.76,1.81,64.54,96.34,-38.34,1.19
36274,0.62,0.95,-0.07,7.66,8.95,69.15,96.19,-39.32,1.60
36284,0.64,0.95,-0.08,8.60,15.60,72.73,96.03,-40.11,2.03
36294,0.66,0.95,-0.08,6.25,20.52,75.70,95.68,-40.93,2.47
36304,0.68,0.94,-0.07,1.91,23.07,78.48,95.22,-41.78,2.86
36314,0.71,0.94,-0.06,-3.82,23.80,81.30,94.67,-42.73,3.18
36324,0.73,0.93,-0.04,-8.39,24.05,83.14,94.13,-43.65,3.50
36334,0.76,0.92,-0.02,-11.31,23.79,84.28,93.63,-44.57,3.81
36344,0.79,0.90,0.00,-12.40,23.17,84.89,93.20,-45.48,4.10
36354,0.81,0.89,0.02,-11.65,22.97,85.06,92.82,-46.37,4.44
36364,0.85,0.89,0.03,-8.27,24.25,84.59,92.49,-47.24,4.89
36374,0.91,0.90,0.05,-2.98,26.39,83.47,92.22,-48.09,5.44
36384,0.95,0.91,0.05,2.77,28.58,81.91,91.97,-48.89,6.05
36394,1.00,0.92,0.06,7.79,30.73,80.07,91.70,-49.67,6.70
36404,1.04,0.92,0.06,11.79,32.44,77.48,91.43,-50.40,7.37
36414,1.08,0.93,0.07,15.12,32.36,74.11,91.22,-51.06,7.94
36424,1.14,0.93,0.07,18.53,28.22,68.77,91.32,-51.61,8.18
36434,1.19,0.93,0.07,21.67,22.55,61.95,91.60,-52.05,8.22
36444,1.23,0.92,0.05,23.75,14.48,52.20,92.16,-52.29,7.92
36454,1.26,0.91,0.02,24.55,5.72,42.07,92.88,-52.40,7.39
36464,1.30,0.90,-0.02,23.23,-3.27,31.16,93.65,-52.34,6.69
36474,1.33,0.88,-0.05,21.18,-10.89,20.32,94.37,-52.18,5.98
36484,1.34,0.87,-0.07,19.16,-15.49,8.80,94.95,-51.88,5.42
36494,1.35,0.85,-0.08,17.99,-17.66,-1.93,95.42,-51.52,5.01
36504,1.35,0.82,-0.10,18.47,-17.17,-12.59,95.81,-51.06,4.81
36514,1.34,0.81,-0.11,19.46,-15.34,-22.31,96.12,-50.55,4.74
36524,1.32,0.80,-0.12,19.94,-12.88,-31.96,96.33,-49.96,4.77
36534,1.31,0.79,-0.12,19.80,-11.26,-40.79,96.52,-49.31,4.80
36544,1.28,0.78,-0.12,18.83,-11.73,-50.31,96.75,-48.52,4.72
36554,1.24,0.77,-0.13,16.87,-14.28,-59.47,97.04,-47.64,4.48
36564,1.20,0.76,-0.15,12.93,-18.65,-68.32,97.37,-46.64,4.07
36574,1.16,0.75,-0.16,7.78,-22.71,-76.33,97.59,-45.59,3.64
36584,1.11,0.74,-0.18,1.69,-26.04,-84.21,97.70,-44.46,3.24
36594,1.06,0.75,-0.18,-3.96,-28.13,-91.61,97.74,-43.25,2.88
36604,0.99,0.76,-0.18,-9.21,-28.18,-98.07,97.65,-41.95,2.65
36614,0.93,0.77,-0.18,-14.01,-27.32,-102.82,97.46,-40.63,2.50
36624,0.86,0.78,-0.16,-17.86,-26.57,-104.29,97.18,-39.40,2.39
36634,0.80,0.79,-0.14,-20.28,-25.28,-104.10,96.89,-38.24,2.33
36644,0.74,0.80,-0.11,-20.75,-22.18,-101.54,96.58,-37.25,2.39
36654,0.69,0.81,-0.09,-19.89,-18.34,-97.68,96.30,-36.36,2.51
36664,0.64,0.81,-0.06,-16.58,-13.27,-92.07,96.07,-35.61,2.74
36674,0.60,0.81,-0.03,-11.81,-8.94,-85.62,95.96,-34.98,2.97
36684,0.56,0.81,-0.01,-5.40,-5.03,-77.86,95.98,-34.46,3.20
36694,0.52,0.82,-0.01,0.93,-1.50,-69.93,96.06,-34.02,3.44
36704,0.50,0.82,-0.00,6.87,1.73,-62.39,96.17,-33.64,3.70
36714,0.48,0.82,-0.01,12.25,4.11,-54.45,96.35,-33.33,3.92
36724,0.46,0.83,-0.02,15.61,4.42,-45.89,96.56,-33.12,4.03
36734,0.45,0.83,-0.03,17.26,3.06,-37.74,96.78,-32.95,4.02
36744,0.44,0.83,-0.04,17.42,0.59,-30.39,96.98,-32.83,3.93
36754,0.44,0.83,-0.05,15.74,-3.07,-23.88,97.16,-32.72,3.73
36764,0.44,0.83,-0.05,13.61,-6.53,-18.35,97.31,-32.62,3.51
36774,0.45,0.82,-0.06,11.01,-9.95,-13.91,97.42,-32.53,3.25
36784,0.46,0.82,-0.07,8.38,-12.54,-10.66,97.57,-32.41,2.96
36794,0.46,0.83,-0.09,5.23,-14.25,-8.12,97.71,-32.35,2.67
36804,0.46,0.83,-0.11,1.02,-15.06,-5.72,97.75,-32.28,2.41
36814,0.47,0.85,-0.12,-4.16,-14.41,-3.29,97.62,-32.23,2.24
36824,0.48,0.86,-0.12,-8.93,-12.67,-1.53,97.40,-32.17,2.15
36834,0.48,0.87,-0.11,-12.47,-9.48,-0.54,97.03,-32.14,2.23
36844,0.48,0.88,-0.09,-15.38,-6.52,0.32,96.65,-32.12,2.33
36854,0.47,0.89,-0.08,-18.11,-4.75,1.35,96.30,-32.08,2.38
36864,0.46,0.90,-0.07,-20.71,-3.51,3.24,95.93,-32.10,2.41
36874,0.45,0.91,-0.06,-23.10,-3.09,6.50,95.57,-32.20,2.40
36884,0.44,0.91,-0.05,-24.91,-3.80,10.09,95.24,-32.35,2.32
36894,0.43,0.92,-0.04,-26.63,-5.98,14.87,94.96,-32.59,2.15
36904,0.43,0.92,-0.04,-28.23,-8.38,19.75,94.71,-32.87,1.92
36914,0.42,0.91,-0.03,-29.67,-10.44,25.11,94.45,-33.22,1.67
36924,0.42,0.89,-0.03,-30.44,-12.02,30.59,94.21,-33.63,1.44
36934,0.42,0.87,-0.02,-29.45,-12.49,36.79,94.01,-34.15,1.25
36944,0.42,0.85,-0.02,-27.58,-12.48,43.14,93.86,-34.76,1.08
36954,0.44,0.83,-0.01,-24.75,-12.10,50.07,93.74,-35.51,0.95
36964,0.46,0.81,0.01,-21.55,-11.37,56.33,93.65,-36.33,0.83
36974,0.46,0.78,0.00,-18.05,-10.64,61.46,93.61,-37.13,0.73
36984,0.47,0.75,-0.00,-15.77,-10.44,65.62,93.60,-38.05,0.57
36994,0.48,0.72,-0.01,-15.15,-11.71,69.28,93.60,-38.97,0.33
37004,0.48,0.68,-0.01,-15.12,-13.03,72.25,93.68,-39.90,360.00
37014,0.49,0.65,-0.02,-15.23,-14.39,74.68,93.78,-40.84,359.64
37024,0.50,0.62,-0.03,-15.31,-15.70,76.20,93.90,-41.75,359.26
37034,0.50,0.59,-0.05,-15.95,-17.00,76.47,94.07,-42.57,358.82
37044,0.50,0.56,-0.06,-17.52,-18.74,76.82,94.23,-43.37,358.32
37054,0.51,0.54,-0.07,-19.63,-21.29,77.10,94.40,-44.20,357.74
37064,0.51,0.51,-0.07,-21.89,-24.82,76.36,94.61,-44.99,357.05
37074,0.51,0.47,-0.08,-23.35,-28.07,75.35,94.89,-45.75,356.32
37084,0.53,0.44,-0.09,-23.34,-29.90,73.87,95.17,-46.49,355.65
37094,0.54,0.42,-0.10,-22.54,-30.10,71.45,95.45,-47.17,355.06
37104,0.55,0.40,-0.10,-21.82,-29.01,67.87,95.66,-47.78,354.56
37114,0.56,0.38,-0.11,-20.60,-28.09,64.23,95.91,-48.35,354.06
37124,0.58,0.38,-0.11,-18.82,-27.63,60.22,96.23,-48.85,353.54
37134,0.59,0.37,-0.13,-16.88,-27.11,56.23,96.59,-49.29,353.00
37144,0.59,0.36,-0.15,-15.46,-25.83,51.93,96.90,-49.67,352.53
37154,0.60,0.34,-0.17,-14.53,-23.72,47.94,97.15,-50.03,352.14
37164,0.60,0.32,-0.18,-13.83,-20.07,42.63,97.26,-50.30,351.92
37174,0.60,0.30,-0.19,-13.03,-15.84,37.18,97.29,-50.53,351.81
37184,0.59,0.28,-0.20,-11.57,-10.21,31.11,97.22,-50.68,351.90
37194,0.58,0.28,-0.19,-10.03,-4.93,25.73,97.10,-50.82,352.05
37204,0.58,0.27,-0.18,-8.36,-0.56,20.62,96.97,-50.93,352.25
37214,0.58,0.27,-0.16,-6.39,2.74,15.61,96.86,-51.01,352.45
37224,0.57,0.28,-0.16,-3.72,5.11,10.58,96.84,-51.01,352.61
37234,0.57,0.29,-0.15,-1.52,7.01,6.13,96.83,-50.99,352.78
37244,0.57,0.30,-0.15,0.68,8.25,2.18,96.86,-50.94,352.92
37254,0.57,0.31,-0.15,2.75,9.31,-1.67,96.91,-50.84,353.07
37264,0.57,0.32,-0.14,5.29,10.56,-5.12,96.96,-50.74,353.26
37274,0.58,0.33,-0.13,7.92,11.87,-8.13,96.99,-50.65,353.50
37284,0.57,0.35,-0.12,11.01,13.19,-11.30,97.06,-50.52,353.76
37294,0.57,0.36,-0.11,14.23,13.78,-14.03,97.19,-50.38,353.99
37304,0.57,0.37,-0.11,17.19,12.35,-16.14,97.48,-50.20,354.05
37314,0.57,0.37,-0.12,19.66,10.30,-17.75,97.84,-50.01,354.04
37324,0.57,0.37,-0.13,21.83,8.52,-19.59,98.21,-49.81,354.03
37334,0.58,0.36,-0.14,24.02,7.96,-21.77,98.54,-49.57,354.09
37344,0.58,0.36,-0.16,25.75,9.01,-23.94,98.78,-49.31,354.27
37354,0.58,0.36,-0.16,26.78,10.70,-26.22,98.95,-49.05,354.52
37364,0.59,0.37,-0.15,26.79,12.13,-28.63,99.02,-48.80,354.82
37374,0.59,0.38,-0.13,26.56,12.62,-30.87,98.98,-48.52,355.19
37384,0.59,0.40,-0.10,26.34,10.29,-32.75,99.06,-48.18,355.37
37394,0.60,0.41,-0.09,25.82,5.90,-34.65,99.27,-47.82,355.35
37410,0.60,0.42,-0.10,24.02,-2.09,-37.07,99.84,-47.35,354.88
37420,0.59,0.44,-0.13,21.78,-9.26,-38.83,100.41,-46.83,354.36
37430,0.59,0.45,-0.16,18.23,-14.64,-39.54,100.87,-46.34,353.86
37440,0.59,0.47,-0.19,14.10,-17.50,-39.71,101.19,-45.87,353.47
37450,0.59,0.50,-0.20,10.24,-16.43,-39.28,101.30,-45.45,353.33
37460,0.60,0.52,-0.18,7.80,-13.24,-38.93,101.28,-45.00,353.37
37470,0.60,0.56,-0.16,7.79,-8.59,-38.35,101.09,-44.63,353.68
37480,0.60,0.59,-0.13,9.03,-4.55,-37.48,100.94,-44.29,354.01
37490,0.60,0.61,-0.11,11.34,-1.96,-35.88,100.91,-43.96,354.27
37500,0.59,0.64,-0.10,13.06,-0.77,-33.71,100.94,-43.65,354.45
37510,0.58,0.67,-0.10,14.05,-1.83,-30.13,101.11,-43.37,354.44
37520,0.58,0.70,-0.11,14.26,-3.88,-25.99,101.35,-43.14,354.31
37530,0.58,0.72,-0.12,13.59,-5.64,-21.28,101.59,-42.98,354.13
37540,0.59,0.73,-0.13,12.67,-5.86,-17.08,101.73,-42.85,354.05
37550,0.59,0.74,-0.13,11.80,-3.79,-13.78,101.74,-42.74,354.13
37560,0.59,0.75,-0.13,11.58,-0.73,-10.90,101.67,-42.68,354.33
37570,0.59,0.76,-0.12,12.41,2.58,-7.99,101.60,-42.68,354.59
37580,0.60,0.76,-0.11,13.32,4.64,-5.33,101.57,-42.70,354.82
37590,0.60,0.76,-0.10,14.04,4.50,-3.26,101.63,-42.68,354.91
37600,0.60,0.76,-0.10,14.09,3.66,-2.06,101.69,-42.62,354.97
37610,0.60,0.74,-0.10,13.54,1.14,-2.00,101.77,-42.56,354.93
37620,0.61,0.74,-0.10,13.25,-2.52,-2.23,101.93,-42.47,354.78
37630,0.62,0.73,-0.11,12.91,-6.11,-2.76,102.15,-42.28,354.57
37640,0.62,0.73,-0.12,12.50,-8.68,-2.77,102.48,-42.12,354.29
37650,0.62,0.75,-0.14,11.26,-8.65,0.40,102.69,-42.12,354.11
